DFO Area,Species Name,SMU Name,SMU Full Index,SMU Life History Type,CU Name,CU Common Name,CU Full Index,CU Life History Type,CU Type,DU Name,DU Number,DU Full Index,DU Acronym
FRASER AND INTERIOR,Chinook,OKANAGAN CHINOOK SALMON,CK-FIA-01,,OKANAGAN_0.x,Okanagan_0.x,CK-01,,Current,"Okanagan River,Ocean, Summer",69,CK-DU-69,OK+ORWA/Ocean/Fall
FRASER AND INTERIOR,Chinook,,,,FRASER-MISCELLANEOUS,Fraser-Miscellaneous,CK-9004,,Bin,,,,
FRASER AND INTERIOR,Chinook,,,,FRASER-HARRISON FALL TRANSPLANT_FA_0.3,Fraser-Harrison Fall Transplant_FA_0.3,CK-9008,,Bin,,,,
FRASER AND INTERIOR,Chinook,,,,FRASER-CROSS-CU SUPPLEMENTATION EXCLUSION,Fraser-Cross-Cu Supplementation Exclusion,CK-9006,,Bin,,,,
FRASER AND INTERIOR,Chinook,FRASER SUMMER RUN 41 CHINOOK SALMON,CK-FIA-07,,UPPER ADAMS RIVER_SU_1.x,Upper Adams River_SU_1.x,CK-82,,Current,"Upper Adams, Stream, Summer",29,CK-DU-29,STh+GStr/Stream/Summer
FRASER AND INTERIOR,Chinook,FRASER SUMMER RUN 52 CHINOOK SALMON,CK-FIA-05,,NORTH THOMPSON_SU_1.3,North Thompson_SU_1.3,CK-19,,Current,"North Thompson, Stream, Summer",17,CK-DU-17,NTh+Gstr/Stream/Summer
FRASER AND INTERIOR,Chinook,FRASER SPRING RUN 52 CHINOOK SALMON,CK-FIA-08,,NORTH THOMPSON_SP_1.3,North Thompson_SP_1.3,CK-18,,Current,"North Thompson, Stream, Spring",16,CK-DU-16,NTh+GStr/Stream/Spring
FRASER AND INTERIOR,Chinook,FRASER SPRING RUN 42 CHINOOK SALMON,CK-FIA-06,,LOWER THOMPSON_SP_1.2,Lower Thompson_SP_1.2,CK-17,,Current,"Lower Thompson, Stream, Spring",15,CK-DU-15,LTh+GStr/Stream/Spring
FRASER AND INTERIOR,Chinook,FRASER SPRING RUN 42 CHINOOK SALMON,CK-FIA-06,,SOUTH THOMPSON-BESSETTE CREEK_SU_1.2,South Thompson-Bessette Creek_SU_1.2,CK-16,,Current,"South Thompson, Stream, Summer (Bessette)",14,CK-DU-14,STh+GStr/Stream/Summer/(Bessette)
FRASER AND INTERIOR,Chinook,FRASER SUMMER RUN 41 CHINOOK SALMON,CK-FIA-07,,SHUSWAP RIVER_SU_0.3,Shuswap River_SU_0.3,CK-15,,Current,"South Thompson, Ocean, Summer",12,CK-DU-12,STh+GStr/Ocean/Summer
FRASER AND INTERIOR,Chinook,FRASER SUMMER RUN 52 CHINOOK SALMON,CK-FIA-05,,SOUTH THOMPSON_SU_1.3,South Thompson_SU_1.3,CK-14,,Current,"South Thompson, Stream, Summer",13,CK-DU-13,STh+GStr/Stream/Summer
FRASER AND INTERIOR,Chinook,FRASER SUMMER RUN 41 CHINOOK SALMON,CK-FIA-07,,SOUTH THOMPSON_SU_0.3,South Thompson_SU_0.3,CK-13,,Current,"South Thompson, Ocean, Summer",12,CK-DU-12,STh+GStr/Ocean/Summer
FRASER AND INTERIOR,Chinook,FRASER SPRING RUN 52 CHINOOK SALMON,CK-FIA-08,,UPPER FRASER RIVER_SP_1.3,Upper Fraser River_SP_1.3,CK-12,,Current,"Upper Fraser, Stream, Spring",11,CK-DU-11,UFR/Stream/Spring
FRASER AND INTERIOR,Chinook,FRASER SUMMER RUN 52 CHINOOK SALMON,CK-FIA-05,,MIDDLE FRASER RIVER_SU_1.3,Middle Fraser River_SU_1.3,CK-11,,Current,"Middle Fraser,Stream, Summer",10,CK-DU-10,MFR+GStr/Stream/Summer
FRASER AND INTERIOR,Chinook,FRASER SPRING RUN 52 CHINOOK SALMON,CK-FIA-08,,MIDDLE FRASER RIVER_SP_1.3,Middle Fraser River_SP_1.3,CK-10,,Current,"Middle Fraser, Stream, Spring",9,CK-DU-09,MFR+GStr/Stream/Spring
FRASER AND INTERIOR,Chinook,FRASER SUMMER RUN 52 CHINOOK SALMON,CK-FIA-05,,MIDDLE FRASER RIVER-PORTAGE_FA_1.3,Middle Fraser River-Portage_FA_1.3,CK-09,,Current,"Middle Fraser, Stream, Fall (Portage)",8,CK-DU-08,MFR+GStr/Stream/Fall
FRASER AND INTERIOR,Chinook,FRASER SPRING RUN 52 CHINOOK SALMON,CK-FIA-08,,MIDDLE FRASER-FRASER CANYON_SP_1.3,Middle Fraser-Fraser Canyon_SP_1.3,CK-08,,Current,"Middle Fraser, Stream, Spring (FRCanyon)",7,CK-DU-07,FRCanyGStr/Stream/Spring
FRASER AND INTERIOR,Chinook,FRASER SUMMER RUN 41 CHINOOK SALMON,CK-FIA-07,,MARIA SLOUGH_SU_0.3,Maria Slough_SU_0.3,CK-07,,Current,"Lower Fraser, Ocean, Summer (Maria Slough)",6,CK-DU-06,LFR+GStr/Ocean/Summer
FRASER AND INTERIOR,Chinook,FRASER SUMMER RUN 52 CHINOOK SALMON,CK-FIA-05,,LOWER FRASER RIVER_SU_1.3,Lower Fraser River_SU_1.3,CK-06,,Current,"Lower Fraser, Stream, Summer (Lillooet)",5,CK-DU-05,LFR+GStr/Stream/Summer
FRASER AND INTERIOR,Chinook,FRASER SUMMER RUN 52 CHINOOK SALMON,CK-FIA-05,,LOWER FRASER RIVER-UPPER PITT_SU_1.3,Lower Fraser River-Upper Pitt_SU_1.3,CK-05,,Current,"Lower Fraser, Stream. Summer  (Upper Pitt)",4,CK-DU-04,LFR+GStr/Stream/Summer (Upper Pitt)
FRASER AND INTERIOR,Chinook,FRASER SPRING RUN 52 CHINOOK SALMON,CK-FIA-08,,LOWER FRASER RIVER_SP_1.3,Lower Fraser River_SP_1.3,CK-04,,Current,"Lower Fraser, Stream, Spring (Birkenhead)",3,CK-DU-03,LFR+GStr/Stream/Spring
FRASER AND INTERIOR,Chinook,FRASER FALL RUN 41 CHINOOK SALMON,CK-FIA-02,,LOWER FRASER RIVER_FA_0.3,Lower Fraser River_FA_0.3,CK-03,,Current,"Lower Fraser, Ocean, Fall (Harrison)",2,CK-DU-02,LFR+GStr/Ocean/Fall
FRASER AND INTERIOR,Chinook,,,,BOUNDARY BAY_FA_0.3,Boundary Bay_FA_0.3,CK-02,,Current,"Southern Mainland Boundary Bay, Ocean, Fall population",1,CK-DU-01,BB+GStr/Ocean/Fall
FRASER AND INTERIOR,Chinook,FRASER FALL RUN 41 CHINOOK SALMON,CK-FIA-02,,HATCHERY EXCLUSION-LOWER FRASER RIVER,,CK-9000,,Deprecated(Bin),,,,
FRASER AND INTERIOR,Chum,,,,INTERIOR FRASER,Interior Fraser,CM-9004,,Bin,,,,
FRASER AND INTERIOR,Chum,FRASER CHUM SALMON,CM-FIA-01,,LOWER FRASER,Lower Fraser,CM-02,,Current,,,,
FRASER AND INTERIOR,Chum,FRASER CHUM SALMON,CM-FIA-01,,FRASER CANYON,Fraser Canyon,CM-01,,VREQ[Current],,,,
FRASER AND INTERIOR,Coho,LOWER FRASER COHO SALMON,CO-FIA-02,,LILLOOET,Lillooet,CO-04,,Current,Lillooet,3,CO-DU-03,LILL
FRASER AND INTERIOR,Coho,INTERIOR FRASER COHO SALMON,CO-FIA-01,,INTERIOR FRASER,Interior Fraser,CO-48,,Current,Middle Fraser,5,CO-DU-05,MFR
FRASER AND INTERIOR,Coho,LOWER FRASER COHO SALMON,CO-FIA-02,,LOWER FRASER,Lower Fraser,CO-47,,Current,Lower Fraser1,2,CO-DU-02,LFR
FRASER AND INTERIOR,Coho,INTERIOR FRASER COHO SALMON,CO-FIA-01,,NORTH THOMPSON,North Thompson,CO-09,,Current,North Thompson,8,CO-DU-08,NTHOM
FRASER AND INTERIOR,Coho,INTERIOR FRASER COHO SALMON,CO-FIA-01,,SOUTH THOMPSON,South Thompson,CO-08,,Current,South Thompson,7,CO-DU-07,STHOM
FRASER AND INTERIOR,Coho,INTERIOR FRASER COHO SALMON,CO-FIA-01,,LOWER THOMPSON,Lower Thompson,CO-07,,Current,Lower Thompson,6,CO-DU-06,LTHOM
FRASER AND INTERIOR,Coho,INTERIOR FRASER COHO SALMON,CO-FIA-01,,FRASER CANYON,Fraser Canyon,CO-05,,Current,Fraser Canyon,4,CO-DU-04,FRCany
FRASER AND INTERIOR,Coho,,,,MIDDLE FRASER,,CO-06,,Deprecated,,,,
FRASER AND INTERIOR,Coho,,,,LOWER FRASER-A,,CO-02,,Deprecated,,,,
FRASER AND INTERIOR,Coho,,,,LOWER FRASER-B,,CO-03,,Deprecated,,,,
FRASER AND INTERIOR,Pink,FRASER PINK SALMON - ODD,PKO-FIA-01,Odd Year,FRASER RIVER,Fraser River,PKO-01,Odd Year,Current,,,,
FRASER AND INTERIOR,Pink,,,,FRASER RIVER,Fraser River,PKE-9005,Even Year,Bin,,,,
FRASER AND INTERIOR,Sockeye,FRASER SOCKEYE SALMON - EARLY SUMMER,SEL-FIA-02,Lake Type,CHILLIWACK-EARLY SUMMER TIMING,Chilliwack-Early Summer Timing,SEL-03-01,Lake Type,Current,Chilliwack-ES population,5,SEL-DU-5,
FRASER AND INTERIOR,Sockeye,,,,AHBAU,Ahbau,SEL-06-24,Lake Type,VREQ[Bin],,,,
FRASER AND INTERIOR,Sockeye,,,,EAGLET,Eaglet,SEL-06-25,Lake Type,VREQ[Bin],,,,
FRASER AND INTERIOR,Sockeye,,,,UPPER FRASER,Upper Fraser,SER-06,River Type,VREQ[Bin],,,,
FRASER AND INTERIOR,Sockeye,OKANAGAN SOCKEYE SALMON,SEL-FIA-01,Lake Type,OSOYOOS-SKAHA-OKANAGAN,Osoyoos-Skaha-Okanagan,SEL-01-01,Lake Type,Current,,,,
FRASER AND INTERIOR,Sockeye,,,,STONY/ROND,Stony/Rond,SEL-06-27,Lake Type,VREQ[Bin],,,,
FRASER AND INTERIOR,Sockeye,,,,FRANCOIS-LATE TIMING,Francois-Late Timing,SEL-06-05,Lake Type,VREQ[Extirpated],,,,
FRASER AND INTERIOR,Sockeye,,,,NARROW,Narrow,SEL-06-26,Lake Type,VREQ[Bin],,,,
FRASER AND INTERIOR,Sockeye,,,,FRASER RIVER MIGRATORY COUNTS,Fraser River Migratory Counts,SEL-03-xx,Lake Type,Bin,,,,
FRASER AND INTERIOR,Sockeye,FRASER SOCKEYE SALMON - EARLY SUMMER,SEL-FIA-02,Lake Type,FRANCOIS-EARLY SUMMER TIMING,Francois-Early Summer Timing,SEL-06-04,Lake Type,VREQ[Extirpated],,,,
FRASER AND INTERIOR,Sockeye,FRASER SOCKEYE SALMON - EARLY SUMMER,SEL-FIA-02,Lake Type,INDIAN/KRUGER-EARLY SUMMER TIMING,Indian/Kruger-Early Summer Timing,SEL-07-02,Lake Type,VREQ[Bin],,,,
FRASER AND INTERIOR,Sockeye,,,,MIDDLE FRASER,Middle Fraser,SER-05,River Type,VREQ[Bin],,,,
FRASER AND INTERIOR,Sockeye,,,,HANSARD,Hansard,SEL-07-03,Lake Type,VREQ[Bin],,,,
FRASER AND INTERIOR,Sockeye,,,,UPPER WHITE ROAD COMPLEX,Upper White Road Complex,SEL-06-21,Lake Type,VREQ[Bin],,,,
FRASER AND INTERIOR,Sockeye,,,,TUMUCH/SLIM,Tumuch/Slim,SEL-06-22,Lake Type,VREQ[Bin],,,,
FRASER AND INTERIOR,Sockeye,,,,CARIBOO-SUMMER TIMING,Cariboo-Summer Timing,SEL-06-18,Lake Type,VREQ[Bin],,,,
FRASER AND INTERIOR,Sockeye,,,,NICOLA,Nicola,SEL-08-01,Lake Type,VREQ[Bin],,,,
FRASER AND INTERIOR,Sockeye,,,,SALMON,Salmon,SEL-06-23,Lake Type,VREQ[Bin],,,,
FRASER AND INTERIOR,Sockeye,,,,ALOUETTE_EARLY SUMMER,Alouette_Early Summer,SEL-03-07,Lake Type,Extirpated,Alouette_ES population (original); Coquitlam-ES population (original),196; 197,SEL-DU-196; SEL-DU-197,
FRASER AND INTERIOR,Sockeye,FRASER SOCKEYE SALMON - SUMMER,SEL/SER-FIA-01,Lake Type; River Type,TAKLA/TREMBLEUR/STUART-SUMMER TIMING,Takla/Trembleur/Stuart-Summer Timing,SEL-06-13,Lake Type,Current,Takla-Trembleur-Stuart-S population,21,SEL-DU-21,
FRASER AND INTERIOR,Sockeye,FRASER SOCKEYE SALMON - SUMMER,SEL/SER-FIA-01,Lake Type; River Type,FRANCOIS/FRASER-SUMMER TIMING,Francois/Fraser-Summer Timing,SEL-06-07,Lake Type,Current,Francois-Fraser-S population,7,SEL-DU-7,
FRASER AND INTERIOR,Sockeye,FRASER SOCKEYE SALMON - LATE,SEL-FIA-03,Lake Type,LILLOOET/HARRISON-LATE TIMING,Lillooet/Harrison-Late Timing,SEL-04-01,Lake Type,Current,Lillooet-Harrison-L population,12,SEL-DU-12,
FRASER AND INTERIOR,Sockeye,FRASER SOCKEYE SALMON - EARLY SUMMER,SEL-FIA-02,Lake Type,NORTH BARRIERE-EARLY SUMMER TIMING,North Barriere-Early Summer Timing,SEL-10-03,Lake Type,Current,North Barriere-ES population (original),14,SEL-DU-14,
FRASER AND INTERIOR,Sockeye,FRASER SOCKEYE SALMON - EARLY SUMMER,SEL-FIA-02,Lake Type,NADINA/FRANCOIS-EARLY SUMMER TIMING,Nadina/Francois-Early Summer Timing,SEL-06-20,Lake Type,Current,Nadina-Francois-ES population,8,SEL-DU-8,
FRASER AND INTERIOR,Sockeye,FRASER SOCKEYE SALMON - SUMMER,SEL/SER-FIA-01,Lake Type; River Type,HARRISON RIVER,Harrison River,SER-03,River Type,Current,Harrison River (River-Type) population,23,SER-DU-23,
FRASER AND INTERIOR,Sockeye,FRASER SOCKEYE SALMON - SUMMER,SEL/SER-FIA-01,Lake Type; River Type,WIDGEON,Widgeon,SER-02,River Type,Current,Widgeon (River-Type) population,24,SER-DU-24,
FRASER AND INTERIOR,Sockeye,FRASER SOCKEYE SALMON - LATE,SEL-FIA-03,Lake Type,CULTUS-LATE TIMING,Cultus-Late Timing,SEL-03-02,Lake Type,Current,Cultus-L population,6,SEL-DU-6,
FRASER AND INTERIOR,Sockeye,FRASER SOCKEYE SALMON - LATE,SEL-FIA-03,Lake Type,HARRISON-DOWNSTREAM MIGRATING-LATE TIMING,Harrison-Downstream Migrating-Late Timing,SEL-03-03,Lake Type,Current,Harrison (D/S)-L population,9,SEL-DU-9,
FRASER AND INTERIOR,Sockeye,FRASER SOCKEYE SALMON - LATE,SEL-FIA-03,Lake Type,HARRISON-UPSTREAM MIGRATING-LATE TIMING,Harrison-Upstream Migrating-Late Timing,SEL-03-04,Lake Type,Current,Harrison (U/S)-L population,10,SEL-DU-10,
FRASER AND INTERIOR,Sockeye,FRASER SOCKEYE SALMON - EARLY SUMMER,SEL-FIA-02,Lake Type,PITT-EARLY SUMMER TIMING,Pitt-Early Summer Timing,SEL-03-05,Lake Type,Current,Pitt-ES population,15,SEL-DU-15,
FRASER AND INTERIOR,Sockeye,FRASER SOCKEYE SALMON - EARLY SUMMER,SEL-FIA-02,Lake Type,NAHATLATCH-EARLY SUMMER TIMING,Nahatlatch-Early Summer Timing,SEL-05-02,Lake Type,Current,Nahatlatch-ES population,13,SEL-DU-13,
FRASER AND INTERIOR,Sockeye,FRASER SOCKEYE SALMON - EARLY SUMMER,SEL-FIA-02,Lake Type,ANDERSON/SETON-EARLY SUMMER TIMING,Anderson/Seton-Early Summer Timing,SEL-06-01,Lake Type,Current,Anderson-Seton-ES population,1,SEL-DU-1,
FRASER AND INTERIOR,Sockeye,FRASER SOCKEYE SALMON - EARLY SUMMER,SEL-FIA-02,Lake Type,CHILKO-EARLY SUMMER TIMING,Chilko-Early Summer Timing,SEL-06-02,Lake Type,Current,Chilko-ES population,3,SEL-DU-3,
FRASER AND INTERIOR,Sockeye,FRASER SOCKEYE SALMON - SUMMER,SEL/SER-FIA-01,Lake Type; River Type,CHILKO-SUMMER TIMING,Chilko-Summer Timing,SEL-06-03,Lake Type,Current,Chilko-S population,4,SEL-DU-4,
FRASER AND INTERIOR,Sockeye,,,,FRASER-EARLY SUMMER TIMING,Fraser-Early Summer Timing,SEL-06-06,Lake Type,Extirpated,Fraser -ES population (original),200,SEL-DU-200,
FRASER AND INTERIOR,Sockeye,FRASER SOCKEYE SALMON - SUMMER,SEL/SER-FIA-01,Lake Type; River Type,QUESNEL-SUMMER TIMING,Quesnel-Summer Timing,SEL-06-10,Lake Type,Current,Quesnel-S population,16,SEL-DU-16,
FRASER AND INTERIOR,Sockeye,FRASER SOCKEYE SALMON - LATE,SEL-FIA-03,Lake Type,SETON-LATE TIMING,Seton-Late Timing,SEL-06-11,Lake Type,Current,Seton-L population,17,SEL-DU-17,
FRASER AND INTERIOR,Sockeye,FRASER SOCKEYE SALMON - EARLY STUART,SEL-FIA-14,Lake Type,TAKLA/TREMBLEUR-EARLY STUART TIMING,Takla/Trembleur-Early Stuart Timing,SEL-06-14,Lake Type,Current,Takla-Trembleur-EStu population,20,SEL-DU-20,
FRASER AND INTERIOR,Sockeye,FRASER SOCKEYE SALMON - EARLY SUMMER,SEL-FIA-02,Lake Type,TASEKO-EARLY SUMMER TIMING,Taseko-Early Summer Timing,SEL-06-16,Lake Type,Current,Taseko-ES population,22,SEL-DU-22,
FRASER AND INTERIOR,Sockeye,FRASER SOCKEYE SALMON - EARLY SUMMER,SEL-FIA-02,Lake Type,BOWRON-EARLY SUMMER TIMING,Bowron-Early Summer Timing,SEL-07-01,Lake Type,Current,Bowron-ES population,2,SEL-DU-2,
FRASER AND INTERIOR,Sockeye,FRASER SOCKEYE SALMON - EARLY SUMMER,SEL-FIA-02,Lake Type,SHUSWAP COMPLEX-EARLY SUMMER TIMING,Shuswap Complex-Early Summer Timing,SEL-09-02,Lake Type,Current,Shuswap-ES population,19,SEL-DU-19,
FRASER AND INTERIOR,Sockeye,FRASER SOCKEYE SALMON - LATE,SEL-FIA-03,Lake Type,SHUSWAP COMPLEX-LATE TIMING,Shuswap Complex-Late Timing,SEL-09-03,Lake Type,Current,Shuswap Complex-L population,18,SEL-DU-18,
FRASER AND INTERIOR,Sockeye,FRASER SOCKEYE SALMON - SUMMER,SEL/SER-FIA-01,Lake Type; River Type,KAMLOOPS-EARLY SUMMER TIMING,Kamloops-Early Summer Timing,SEL-10-01,Lake Type,Current,Kamloops-ES population,11,SEL-DU-11,
FRASER AND INTERIOR,Sockeye,,,,MCKINLEY-SUMMER TIMING,,SEL-06-08,Lake Type,Deprecated,,,,
FRASER AND INTERIOR,Sockeye,,,,ADAMS-EARLY SUMMER TIMING,,SEL-09-04,Lake Type,Extirpated,,,,
FRASER AND INTERIOR,Sockeye,,,,NADINA-EARLY SUMMER TIMING,,SEL-06-09,Lake Type,Deprecated,,,,
FRASER AND INTERIOR,Sockeye,,,,TAKLA/TREMBLEUR-SUMMER TIMING,,SEL-06-15,Lake Type,Deprecated,,,,
FRASER AND INTERIOR,Sockeye,,,,SETON-SUMMER TIMING,,SEL-06-19,Lake Type,Extirpated,,,,
FRASER AND INTERIOR,Sockeye,,,,(X)NORTH BARRIERE-EARLY SUMMER TIMING,,SEL-10-02,Lake Type,Extirpated,,,,
FRASER AND INTERIOR,Sockeye,,,,MOMICH-EARLY SUMMER TIMING,,SEL-09-05,Lake Type,Extirpated,,,,
FRASER AND INTERIOR,Sockeye,,,,KAMLOOPS-LATE TIMING,,SEL-09-01,Lake Type,Deprecated,,,,
NORTH COAST,Chinook,CENTRAL COAST CHINOOK SALMON,CK-NC-02,,DOCEE,Docee,CK-36,,Current,"Smith Inlet, Ocean, Summer",32,CK-DU-32,SMITH
NORTH COAST,Chinook,,,,HATCHERY EXCLUSION-PALLANT CREEK,Hatchery Exclusion-Pallant Creek,CK-9002,,Bin,,,,
NORTH COAST,Chinook,SKEENA CHINOOK SALMON,CK-NC-03,,SICINTINE,Sicintine,CK-81,,Current,"Upper Skeena River, Stream, Spring",48,CK-DU-48,USK
NORTH COAST,Chinook,SKEENA CHINOOK SALMON,CK-NC-03,,ZYMOETZ,Zymoetz,CK-80,,Current,"Lower Skeena, Stream, Summer",42,CK-DU-42,LSK
NORTH COAST,Chinook,SKEENA CHINOOK SALMON,CK-NC-03,,MIDDLE SKEENA-MAINSTEM TRIBUTARIES,Middle Skeena-Mainstem Tributaries,CK-54,,Current,"Middle Skeena-M/S Tributary, Stream, Summer",47,CK-DU-47,MSK-M/S
NORTH COAST,Chinook,SKEENA CHINOOK SALMON,CK-NC-03,,LOWER SKEENA,Lower Skeena,CK-48,,Current,"Lower Skeena, Stream, Summer",42,CK-DU-42,LSK
NORTH COAST,Chinook,NASS CHINOOK SALMON,CK-NC-58,,UPPER NASS,Upper Nass,CK-58,,Current,"Upper Nass River, Stream, Summer",50,CK-DU-50,UNR
NORTH COAST,Chinook,CENTRAL COAST CHINOOK SALMON,CK-NC-02,,PORTLAND SOUND-OBSERVATORY INLET-LOWER NASS,Portland Sound-Observatory Inlet-Lower Nass,CK-57,,Current,"Lower Nass River, Stream, Summer",49,CK-DU-49,LNR-P
NORTH COAST,Chinook,SKEENA CHINOOK SALMON,CK-NC-03,,UPPER SKEENA,Upper Skeena,CK-56,,Current,"Upper Skeena River, Stream, Spring",48,CK-DU-48,USK
NORTH COAST,Chinook,SKEENA CHINOOK SALMON,CK-NC-03,,UPPER BULKLEY RIVER,Upper Bulkley River,CK-55,,Current,"Bulkley River, Stream, Spring",45,CK-DU-45,MSK-M/S
NORTH COAST,Chinook,SKEENA CHINOOK SALMON,CK-NC-03,,MIDDLE SKEENA-LARGE LAKES,Middle Skeena-Large Lakes,CK-53,,Current,"Middle Skeena - Lakes, Stream, Summer",46,CK-DU-46,MSK-LKS
NORTH COAST,Chinook,SKEENA CHINOOK SALMON,CK-NC-03,,LAKELSE,Lakelse,CK-51,,Current,"Lower Skeena, Stream, Summer",42,CK-DU-42,LSK
NORTH COAST,Chinook,SKEENA CHINOOK SALMON,CK-NC-03,,KALUM-LATE TIMING,Kalum-Late Timing,CK-50,,Current,"Kalum - Late Timing, Stream, Summer",44,CK-DU-44,KALUM-L
NORTH COAST,Chinook,SKEENA CHINOOK SALMON,CK-NC-03,,KALUM-EARLY TIMING,Kalum-Early Timing,CK-49,,Current,"Kalum - Early Timing, Stream, Spring",43,CK-DU-43,KALUM-E
NORTH COAST,Chinook,SKEENA CHINOOK SALMON,CK-NC-03,,ECSTALL,Ecstall,CK-46,,Current,"Ecstall, Ocean, Summer",41,CK-DU-41,ECST
NORTH COAST,Chinook,SKEENA CHINOOK SALMON,CK-NC-03,,SKEENA ESTUARY,Skeena Estuary,CK-45,,Current,"Skeena Estuary, Stream, Summer",40,CK-DU-40,SKEst
NORTH COAST,Chinook,HAIDA GWAII CHINOOK SALMON,CK-NC-04,,HAIDA GWAII-EAST,Haida Gwaii-East,CK-44,,Current,"Haida Gwaii-East Ocean, Fall",31,CK-DU-31,HGE
NORTH COAST,Chinook,HAIDA GWAII CHINOOK SALMON,CK-NC-04,,HAIDA GWAII-NORTH,Haida Gwaii-North,CK-43,,Current,"Haida Gwaii-North Ocean/Stream, Summer",30,CK-DU-30,HGN
NORTH COAST,Chinook,CENTRAL COAST CHINOOK SALMON,CK-NC-02,,NORTH AND CENTRAL COAST-EARLY TIMING,North and Central Coast-Early Timing,CK-42,,Current,"North and Central Coast Early, Ocean, Spring",38,CK-DU-38,NCC early
NORTH COAST,Chinook,CENTRAL COAST CHINOOK SALMON,CK-NC-02,,NORTH AND CENTRAL COAST-LATE TIMING,North and Central Coast-Late Timing,CK-41,,Current,"HecLow, Ocean/Stream, Summer; North and Central Coast Late, Ocean/Stream, Summer",39; 37,CK-DU-39; CK-DU-37,HecLow; NCC Late
NORTH COAST,Chinook,CENTRAL COAST CHINOOK SALMON,CK-NC-02,,DEAN RIVER,Dean River,CK-40,,Current,"Dean River, Stream, Summer",36,CK-DU-36,DEAN
NORTH COAST,Chinook,CENTRAL COAST CHINOOK SALMON,CK-NC-02,,BELLA COOLA-BENTINCK,Bella Coola-Bentinck,CK-39,,Current,"Bella Coola-Bentinck, Ocean, Summer",35,CK-DU-35,BCR-BENT
NORTH COAST,Chinook,CENTRAL COAST CHINOOK SALMON,CK-NC-02,,WANNOCK,Wannock,CK-38,,Current,"Wannock River, Ocean, Fall",34,CK-DU-34,WANN
NORTH COAST,Chinook,CENTRAL COAST CHINOOK SALMON,CK-NC-02,,RIVERS INLET,Rivers Inlet,CK-37,,Current,"Rivers Inlet, Stream, Summer",33,CK-DU-33,RIVERS
NORTH COAST,Chinook,,,,GITNADOIX,,CK-47,,Deprecated,,,,
NORTH COAST,Chinook,,,,MIDDLE SKEENA,,CK-52,,Deprecated,,,,
NORTH COAST,Chum,HAIDA GWAII CHUM SALMON,CM-NC-02,,EAST HG,East HG,CM-21,,Current,,,,
NORTH COAST,Chum,SKEENA - NASS CHUM COASTAL,CM-NC-05,,PORTLAND CANAL-OBSERVATORY,Portland Canal-Observatory,CM-32,,Current,,,,
NORTH COAST,Chum,HAIDA GWAII CHUM SALMON,CM-NC-02,,SKIDEGATE,Skidegate,CM-22,,Current,,,,
NORTH COAST,Chum,HAIDA GWAII CHUM SALMON,CM-NC-02,,WEST HAIDA GWAII,West Haida Gwaii,CM-23,,Current,,,,
NORTH COAST,Chum,CENTRAL COAST CHUM SALMON,CM-NC-01,,DOUGLAS-GARDNER,Douglas-Gardner,CM-20,,Current,,,,
NORTH COAST,Chum,CENTRAL COAST CHUM SALMON,CM-NC-01,,RIVERS INLET,Rivers Inlet,CM-13,,Current,,,,
NORTH COAST,Chum,CENTRAL COAST CHUM SALMON,CM-NC-01,,HECATE LOWLANDS,Hecate Lowlands,CM-18,,Current,,,,
NORTH COAST,Chum,CENTRAL COAST CHUM SALMON,CM-NC-01,,SMITH INLET,Smith Inlet,CM-12,,Current,,,,
NORTH COAST,Chum,HAIDA GWAII CHUM SALMON,CM-NC-02,,NORTH HAIDA GWAII-STANLEY CREEK,North Haida Gwaii-Stanley Creek,CM-25,,Current,,,,
NORTH COAST,Chum,NASS CHUM SALMON,CM-NC-31,,LOWER NASS,Lower Nass,CM-31,,Current,,,,
NORTH COAST,Chum,CENTRAL COAST CHUM SALMON,CM-NC-01,,SPILLER-FITZ HUGH-BURKE,Spiller-Fitz Hugh-Burke,CM-15,,Current,,,,
NORTH COAST,Chum,HAIDA GWAII CHUM SALMON,CM-NC-02,,NORTH HAIDA GWAII,North Haida Gwaii,CM-24,,Current,,,,
NORTH COAST,Chum,CENTRAL COAST CHUM SALMON,CM-NC-01,,WANNOCK,Wannock,CM-14,,Current,,,,
NORTH COAST,Chum,SKEENA - NASS CHUM COASTAL,CM-NC-05,,PORTLAND INLET,Portland Inlet,CM-30,,Current,,,,
NORTH COAST,Chum,CENTRAL COAST CHUM SALMON,CM-NC-01,,BELLA COOLA RIVER-LATE,Bella Coola River-Late,CM-17,,Current,,,,
NORTH COAST,Chum,,,,LOWER STIKINE,Lower Stikine,CM-34,,Current,,,,
NORTH COAST,Chum,SKEENA CHUM SALMON,CM-NC-04,,LOWER SKEENA,Lower Skeena,CM-27,,Current,,,,
NORTH COAST,Chum,SKEENA CHUM SALMON,CM-NC-04,,MIDDLE SKEENA,Middle Skeena,CM-28,,Current,,,,
NORTH COAST,Chum,CENTRAL COAST CHUM SALMON,CM-NC-01,,MUSSEL-KYNOCH,Mussel-Kynoch,CM-19,,Current,,,,
NORTH COAST,Chum,SKEENA - NASS CHUM COASTAL,CM-NC-05,,SKEENA ESTUARY,Skeena Estuary,CM-26,,Current,,,,
NORTH COAST,Chum,CENTRAL COAST CHUM SALMON,CM-NC-01,,BELLA COOLA-DEAN RIVERS,Bella Coola-Dean Rivers,CM-16,,Current,,,,
NORTH COAST,Coho,CENTRAL COAST COHO SALMON,CO-NC-01,,SMITH INLET,Smith Inlet,CO-20,,Current,Rivers-Smith Inlet,21,CO-DU-21,RSI
NORTH COAST,Coho,NASS COHO SALMON,CO-NC-03,,PORTLAND SOUND-OBSERVATORY INLET-PORTLAND CANAL,Portland Sound-Observatory Inlet-Portland Canal,CO-37,,Current,Lower Nass-Portland Canal,29,CO-DU-29,LNR-P
NORTH COAST,Coho,NASS COHO SALMON,CO-NC-03,,UPPER NASS,Upper Nass,CO-36,,Current,Upper Nass,30,CO-DU-30,UNR
NORTH COAST,Coho,NASS COHO SALMON,CO-NC-03,,LOWER NASS,Lower Nass,CO-35,,Current,Lower Nass-Portland Canal,29,CO-DU-29,LNR-P
NORTH COAST,Coho,SKEENA COHO SALMON,CO-NC-04,,UPPER SKEENA,Upper Skeena,CO-34,,Current,Upper Skeena,28,CO-DU-28,USK
NORTH COAST,Coho,SKEENA COHO SALMON,CO-NC-04,,MIDDLE SKEENA,Middle Skeena,CO-33,,Current,Middle Skeena,27,CO-DU-27,MSK
NORTH COAST,Coho,SKEENA COHO SALMON,CO-NC-04,,LOWER SKEENA,Lower Skeena,CO-32,,Current,Lower Skeena,26,CO-DU-26,LSK
NORTH COAST,Coho,SKEENA COHO SALMON,CO-NC-04,,SKEENA ESTUARY,Skeena Estuary,CO-31,,Current,Skeena Estuary,25,CO-DU-25,NSKEst
NORTH COAST,Coho,CENTRAL COAST COHO SALMON,CO-NC-01,,NORTHERN COASTAL STREAMS,Northern Coastal Streams,CO-30,,Current,Northern Coastal Streams,24,CO-DU-24,NCS
NORTH COAST,Coho,CENTRAL COAST COHO SALMON,CO-NC-01,,DOUGLAS CHANNEL-KITIMAT ARM,Douglas Channel-Kitimat Arm,CO-29,,Current,Northern Coastal Streams,24,CO-DU-24,NCS
NORTH COAST,Coho,CENTRAL COAST COHO SALMON,CO-NC-01,,HECATE STRAIT MAINLAND,Hecate Strait Mainland,CO-27,,Current,Hecate Strait Mainland,23,CO-DU-23,HecLow
NORTH COAST,Coho,CENTRAL COAST COHO SALMON,CO-NC-01,,MUSSEL-KYNOCH,Mussel-Kynoch,CO-26,,Current,Northern Coastal Streams,24,CO-DU-24,NCS
NORTH COAST,Coho,HAIDA GWAII COHO SALMON,CO-NC-02,,HG-GRAHAM ISLAND LOWLANDS,HG-Graham Island Lowlands,CO-25,,Current,Haida Gwaii2 - North,19,CO-DU-19,NHG
NORTH COAST,Coho,HAIDA GWAII COHO SALMON,CO-NC-02,,HG-WEST,HG-West,CO-24,,Current,Haida Gwaii2 - West,18,CO-DU-18,WHG
NORTH COAST,Coho,HAIDA GWAII COHO SALMON,CO-NC-02,,HG-EAST,HG-East,CO-23,,Current,Haida Gwaii2 - East,20,CO-DU-20,EHG
NORTH COAST,Coho,CENTRAL COAST COHO SALMON,CO-NC-01,,BELLA COOLA-DEAN RIVERS,Bella Coola-Dean Rivers,CO-22,,Current,Bella Coola - Dean Rivers,22,CO-DU-22,BCD
NORTH COAST,Coho,CENTRAL COAST COHO SALMON,CO-NC-01,,RIVERS INLET,Rivers Inlet,CO-21,,Current,Rivers-Smith Inlet,21,CO-DU-21,RSI
NORTH COAST,Coho,CENTRAL COAST COHO SALMON,CO-NC-01,,BRIM-WAHOO,,CO-28,,Deprecated,Northern Coastal Streams,24,CO-DU-24,NCS
NORTH COAST,Pink,CENTRAL COAST PINK SALMON,PK-NC-02,Even Year; Odd Year,HOMATHKO-KLINAKLINI-SMITH-RIVERS-BELLA COOLA-DEAN,Homathko-Klinaklini-Smith-Rivers-Bella Coola-Dean,PKO-08,Odd Year,Current,,,,
NORTH COAST,Pink,CENTRAL COAST PINK SALMON,PK-NC-02,Even Year; Odd Year,HECATE STRAIT-LOWLANDS,Hecate Strait-Lowlands,PKO-12,Odd Year,Current,,,,
NORTH COAST,Pink,HAIDA GWAII PINK SALMON,PK-NC-01,Even Year; Odd Year,WEST HAIDA GWAII,West Haida Gwaii,PKE-11,Even Year,Current,,,,
NORTH COAST,Pink,HAIDA GWAII PINK SALMON,PK-NC-01,Even Year; Odd Year,WEST HAIDA GWAII,West Haida Gwaii,PKO-11,Odd Year,Current,,,,
NORTH COAST,Pink,CENTRAL COAST PINK SALMON,PK-NC-02,Even Year; Odd Year,HECATE STRAIT-FJORDS,Hecate Strait-Fjords,PKO-13,Odd Year,Current,,,,
NORTH COAST,Pink,HAIDA GWAII PINK SALMON,PK-NC-01,Even Year; Odd Year,NORTH HAIDA GWAII,North Haida Gwaii,PKO-10,Odd Year,Current,,,,
NORTH COAST,Pink,SKEENA PINK SALMON,PK-NC-03,Even Year; Odd Year,MIDDLE AND UPPER SKEENA,Middle and Upper Skeena,PKO-16,Odd Year,Current,,,,
NORTH COAST,Pink,HAIDA GWAII PINK SALMON,PK-NC-01,Even Year; Odd Year,EAST HAIDA GWAII,East Haida Gwaii,PKO-09,Odd Year,Current,,,,
NORTH COAST,Pink,NASS PINK SALMON,PK-NC-04,Even Year; Odd Year,UPPER NASS,Upper Nass,PKE-12,Even Year,Current,,,,
NORTH COAST,Pink,NASS PINK SALMON,PK-NC-04,Even Year; Odd Year,NASS-PORTLAND-OBSERVATORY,Nass-Portland-Observatory,PKO-17,Odd Year,Current,,,,
NORTH COAST,Pink,HAIDA GWAII PINK SALMON,PK-NC-01,Even Year; Odd Year,NORTH HAIDA GWAII,North Haida Gwaii,PKE-09,Even Year,Current,,,,
NORTH COAST,Pink,NASS PINK SALMON,PK-NC-04,Even Year; Odd Year,UPPER NASS,Upper Nass,PKO-18,Odd Year,Current,,,,
NORTH COAST,Pink,NASS PINK SALMON,PK-NC-04,Even Year; Odd Year,NASS-SKEENA ESTUARY,Nass-Skeena Estuary,PKE-07,Even Year,Current,,,,
NORTH COAST,Pink,HAIDA GWAII PINK SALMON,PK-NC-01,Even Year; Odd Year,EAST HAIDA GWAII,East Haida Gwaii,PKE-10,Even Year,Current,,,,
NORTH COAST,Pink,CENTRAL COAST PINK SALMON,PK-NC-02,Even Year; Odd Year,HECATE LOWLANDS,Hecate Lowlands,PKE-05,Even Year,Current,,,,
NORTH COAST,Pink,SKEENA PINK SALMON,PK-NC-03,Even Year; Odd Year,MIDDLE-UPPER SKEENA,Middle-Upper Skeena,PKE-08,Even Year,Current,,,,
NORTH COAST,Pink,NASS PINK SALMON,PK-NC-04,Even Year; Odd Year,NASS-SKEENA ESTUARY,Nass-Skeena Estuary,PKO-14,Odd Year,Current,,,,
NORTH COAST,Pink,SKEENA PINK SALMON,PK-NC-03,Even Year; Odd Year,LOWER SKEENA,Lower Skeena,PKO-15,Odd Year,Current,,,,
NORTH COAST,Pink,CENTRAL COAST PINK SALMON,PK-NC-02,Even Year; Odd Year,HECATE STRAIT-FJORDS,Hecate Strait-Fjords,PKE-06,Even Year,Current,,,,
NORTH COAST,Sockeye,RIVERS/SMITH SOCKEYE SALMON,SEL-NC-05,Lake Type,LONG,Long,SEL-15-01,Lake Type,Current,Long,100,SEL-DU-100,
NORTH COAST,Sockeye,CENTRAL COAST SOCKEYE SALMON,SEL-NC-03,Lake Type,KESWAR CREEK,Keswar Creek,SEL-19-29,Lake Type,VREQ[Bin],,,,
NORTH COAST,Sockeye,,,,SOUTH BONNILA,South Bonnila,SEL-19-73,Lake Type,VREQ[Bin],,,,
NORTH COAST,Sockeye,NASS SOCKEYE SALMON,SEL-NC-04,Lake Type,SPLIT MOUNTAIN/LEVERSON,Split Mountain/Leverson,SEL-23-02,Lake Type,VREQ[Bin],,,,
NORTH COAST,Sockeye,CENTRAL COAST SOCKEYE SALMON,SEL-NC-03,Lake Type,LEWIS CREEK,Lewis Creek,SEL-19-37,Lake Type,VREQ[Bin],,,,
NORTH COAST,Sockeye,CENTRAL COAST SOCKEYE SALMON,SEL-NC-03,Lake Type,RODERICK,Roderick,SEL-19-50,Lake Type,VREQ[Bin],,,,
NORTH COAST,Sockeye,CENTRAL COAST SOCKEYE SALMON,SEL-NC-03,Lake Type,CARTWRIGHT CREEK,Cartwright Creek,SEL-19-07,Lake Type,VREQ[Bin],,,,
NORTH COAST,Sockeye,CENTRAL COAST SOCKEYE SALMON,SEL-NC-03,Lake Type,YAAKLELE LAGOON,Yaaklele Lagoon,SEL-19-69,Lake Type,VREQ[Bin],,,,
NORTH COAST,Sockeye,CENTRAL COAST SOCKEYE SALMON,SEL-NC-03,Lake Type,HEVENOR INLET,Hevenor Inlet,SEL-19-22,Lake Type,VREQ[Bin],,,,
NORTH COAST,Sockeye,CENTRAL COAST SOCKEYE SALMON,SEL-NC-03,Lake Type,STANNARD CREEK,Stannard Creek,SEL-19-58,Lake Type,VREQ[Bin],,,,
NORTH COAST,Sockeye,CENTRAL COAST SOCKEYE SALMON,SEL-NC-03,Lake Type,DOUGLAS CREEK,Douglas Creek,SEL-19-15,Lake Type,VREQ[Bin],,,,
NORTH COAST,Sockeye,CENTRAL COAST SOCKEYE SALMON,SEL-NC-03,Lake Type,SHIP POINT CREEK,Ship Point Creek,SEL-19-56,Lake Type,VREQ[Bin],,,,
NORTH COAST,Sockeye,CENTRAL COAST SOCKEYE SALMON,SEL-NC-03,Lake Type,CHIC CHIC,Chic Chic,SEL-19-08,Lake Type,VREQ[Bin],,,,
NORTH COAST,Sockeye,,,,ONERKA,Onerka,SEL-21-13,Lake Type,VREQ[Bin],,,,
NORTH COAST,Sockeye,,,,MAYER,Mayer,SEL-17-11,Lake Type,VREQ[Bin],,,,
NORTH COAST,Sockeye,CENTRAL COAST SOCKEYE SALMON,SEL-NC-03,Lake Type,HARTLEY BAY,Hartley Bay,SEL-19-21,Lake Type,VREQ[Bin],,,,
NORTH COAST,Sockeye,CENTRAL COAST SOCKEYE SALMON,SEL-NC-03,Lake Type,WHALEN,Whalen,SEL-18-11,Lake Type,VREQ[Bin],,,,
NORTH COAST,Sockeye,CENTRAL COAST SOCKEYE SALMON,SEL-NC-03,Lake Type,BORROWMAN CREEK,Borrowman Creek,SEL-19-05,Lake Type,VREQ[Bin],,,,
NORTH COAST,Sockeye,CENTRAL COAST SOCKEYE SALMON,SEL-NC-03,Lake Type,MCDONALD CREEK,Mcdonald Creek,SEL-19-41,Lake Type,VREQ[Bin],,,,
NORTH COAST,Sockeye,CENTRAL COAST SOCKEYE SALMON,SEL-NC-03,Lake Type,EVINRUDE INLET,Evinrude Inlet,SEL-19-19,Lake Type,VREQ[Bin],,,,
NORTH COAST,Sockeye,CENTRAL COAST SOCKEYE SALMON,SEL-NC-03,Lake Type,LOWE/SIMPSON/WEARE,Lowe/Simpson/Weare,SEL-19-39,Lake Type,VREQ[Bin],,,,
NORTH COAST,Sockeye,,,,SYLVIA CREEK,Sylvia Creek,SEL-19-72,Lake Type,VREQ[Bin],,,,
NORTH COAST,Sockeye,CENTRAL COAST SOCKEYE SALMON,SEL-NC-03,Lake Type,WEST CREEK,West Creek,SEL-19-68,Lake Type,VREQ[Bin],,,,
NORTH COAST,Sockeye,CENTRAL COAST SOCKEYE SALMON,SEL-NC-03,Lake Type,KENZUWASH CREEKS,Kenzuwash Creeks,SEL-19-28,Lake Type,VREQ[Bin],,,,
NORTH COAST,Sockeye,CENTRAL COAST SOCKEYE SALMON,SEL-NC-03,Lake Type,MCLOUGHLIN,Mcloughlin,SEL-19-42,Lake Type,VREQ[Bin],,,,
NORTH COAST,Sockeye,CENTRAL COAST SOCKEYE SALMON,SEL-NC-03,Lake Type,BACKLAND,Backland,SEL-18-01,Lake Type,VREQ[Bin],,,,
NORTH COAST,Sockeye,CENTRAL COAST SOCKEYE SALMON,SEL-NC-03,Lake Type,DALLAIN CREEK,Dallain Creek,SEL-19-12,Lake Type,VREQ[Bin],,,,
NORTH COAST,Sockeye,CENTRAL COAST SOCKEYE SALMON,SEL-NC-03,Lake Type,DOME,Dome,SEL-18-03,Lake Type,VREQ[Bin],,,,
NORTH COAST,Sockeye,CENTRAL COAST SOCKEYE SALMON,SEL-NC-03,Lake Type,MONCKTON INLET CREEK,Monckton Inlet Creek,SEL-19-44,Lake Type,VREQ[Bin],,,,
NORTH COAST,Sockeye,NASS SOCKEYE SALMON,SEL-NC-04,Lake Type,CLEMENTS,Clements,SEL-23-01,Lake Type,VREQ[Bin],,,,
NORTH COAST,Sockeye,CENTRAL COAST SOCKEYE SALMON,SEL-NC-03,Lake Type,ELIZABETH,Elizabeth,SEL-19-16,Lake Type,VREQ[Bin],,,,
NORTH COAST,Sockeye,CENTRAL COAST SOCKEYE SALMON,SEL-NC-03,Lake Type,SHENEEZA INLET,Sheneeza Inlet,SEL-19-55,Lake Type,VREQ[Bin],,,,
NORTH COAST,Sockeye,CENTRAL COAST SOCKEYE SALMON,SEL-NC-03,Lake Type,TUNO CREEK EAST,Tuno Creek East,SEL-19-63,Lake Type,VREQ[Bin],,,,
NORTH COAST,Sockeye,CENTRAL COAST SOCKEYE SALMON,SEL-NC-03,Lake Type,BUSEY CREEK,Busey Creek,SEL-19-06,Lake Type,VREQ[Bin],,,,
NORTH COAST,Sockeye,CENTRAL COAST SOCKEYE SALMON,SEL-NC-03,Lake Type,KILDIDT CREEK,Kildidt Creek,SEL-19-30,Lake Type,VREQ[Bin],,,,
NORTH COAST,Sockeye,CENTRAL COAST SOCKEYE SALMON,SEL-NC-03,Lake Type,TYLER CREEK,Tyler Creek,SEL-19-65,Lake Type,VREQ[Bin],,,,
NORTH COAST,Sockeye,CENTRAL COAST SOCKEYE SALMON,SEL-NC-03,Lake Type,KADJUSDIS RIVER,Kadjusdis River,SEL-19-24,Lake Type,VREQ[Bin],,,,
NORTH COAST,Sockeye,,,,GUDAL,Gudal,SEL-17-12,Lake Type,VREQ[Bin],,,,
NORTH COAST,Sockeye,HAIDA GWAII SOCKEYE SALMON,SEL-NC-01,Lake Type,MARIAN,Marian,SEL-17-05,Lake Type,VREQ[Bin],,,,
NORTH COAST,Sockeye,CENTRAL COAST SOCKEYE SALMON,SEL-NC-03,Lake Type,PRICE CREEK,Price Creek,SEL-19-48,Lake Type,VREQ[Bin],,,,
NORTH COAST,Sockeye,CENTRAL COAST SOCKEYE SALMON,SEL-NC-03,Lake Type,TRENEMAN CREEK,Treneman Creek,SEL-19-61,Lake Type,VREQ[Bin],,,,
NORTH COAST,Sockeye,RIVERS/SMITH SOCKEYE SALMON,SEL-NC-05,Lake Type,OWIKENO-LATE TIMING,Owikeno-Late Timing,SEL-15-03,Lake Type,VREQ[Bin],,,,
NORTH COAST,Sockeye,CENTRAL COAST SOCKEYE SALMON,SEL-NC-03,Lake Type,KUNSOOT RIVER,Kunsoot River,SEL-19-35,Lake Type,VREQ[Bin],,,,
NORTH COAST,Sockeye,CENTRAL COAST SOCKEYE SALMON,SEL-NC-03,Lake Type,DEER,Deer,SEL-19-13,Lake Type,VREQ[Bin],,,,
NORTH COAST,Sockeye,CENTRAL COAST SOCKEYE SALMON,SEL-NC-03,Lake Type,WATT BAY,Watt Bay,SEL-19-67,Lake Type,VREQ[Bin],,,,
NORTH COAST,Sockeye,SKEENA SOCKEYE SALMON,SEL-NC-02,Lake Type,FOOTSORE/HODDER,Footsore/Hodder,SEL-21-12,Lake Type,Current,Footsore/ Hodder,165,SEL-DU-165,
NORTH COAST,Sockeye,HAIDA GWAII SOCKEYE SALMON,SEL-NC-01,Lake Type,MARIE,Marie,SEL-17-10,Lake Type,Current,Marie,97,SEL-DU-97,
NORTH COAST,Sockeye,,,,NORTHERN TRANSBOUNDARY FJORDS,Northern Transboundary Fjords,SER-22,River Type,Current,Stikine River; Taku River; Unuk River; Whiting River,44; 45; 47; 46,SER-DU-44; SER-DU-45; SER-DU-47; SER-DU-46,
NORTH COAST,Sockeye,,,,UPPER NASS RIVER,Upper Nass River,SER-21,River Type,Current,Upper Nass River,43,SER-DU-43,
NORTH COAST,Sockeye,,,,LOWER NASS-PORTLAND,Lower Nass-Portland,SER-20,River Type,Current,Lower Nass-Portland,42,SER-DU-42,
NORTH COAST,Sockeye,,,,SKEENA RIVER-HIGH INTERIOR,Skeena River-High Interior,SER-19,River Type,Current,Upper Skeena River,41,SER-DU-41,
NORTH COAST,Sockeye,,,,SKEENA RIVER,Skeena River,SER-18,River Type,Current,Lower Skeena River; Middle Skeena River,39; 40,SER-DU-39; SER-DU-40,
NORTH COAST,Sockeye,,,,NORTHERN COASTAL STREAMS,Northern Coastal Streams,SER-17,River Type,Current,Hecate Lowlands,38,SER-DU-38,
NORTH COAST,Sockeye,,,,NORTHERN COASTAL FJORDS,Northern Coastal Fjords,SER-16,River Type,Current,Bella Coola-Dean Rivers; Northern Coastal Streams,36; 37,SER-DU-36; SER-DU-37,
NORTH COAST,Sockeye,,,,NORTH HAIDA GWAII,North Haida Gwaii,SER-15,River Type,Current,North Haida Gwaii,33,SER-DU-33,
NORTH COAST,Sockeye,,,,WEST HAIDA GWAII,West Haida Gwaii,SER-14,River Type,Current,West Haida Gwaii,32,SER-DU-32,
NORTH COAST,Sockeye,,,,EAST HAIDA GWAII,East Haida Gwaii,SER-13,River Type,Current,East Haida Gwaii,34,SER-DU-34,
NORTH COAST,Sockeye,,,,RIVERS-SMITH INLETS,Rivers-Smith Inlets,SER-12,River Type,Current,Rivers-Smith Inlets,35,SER-DU-35,
NORTH COAST,Sockeye,NASS SOCKEYE SALMON,SEL-NC-04,Lake Type,OWEEGEE,Oweegee,SEL-24-06,Lake Type,Current,Oweegee,183,SEL-DU-183,
NORTH COAST,Sockeye,NASS SOCKEYE SALMON,SEL-NC-04,Lake Type,MEZIADIN,Meziadin,SEL-24-05,Lake Type,Current,Meziadin,182,SEL-DU-182,
NORTH COAST,Sockeye,NASS SOCKEYE SALMON,SEL-NC-04,Lake Type,KWINAGEESE,Kwinageese,SEL-24-04,Lake Type,Current,Kwinageese,181,SEL-DU-181,
NORTH COAST,Sockeye,NASS SOCKEYE SALMON,SEL-NC-04,Lake Type,FRED WRIGHT,Fred Wright,SEL-24-03,Lake Type,Current,Fred Wright,180,SEL-DU-180,
NORTH COAST,Sockeye,NASS SOCKEYE SALMON,SEL-NC-04,Lake Type,DAMDOCHAX/WIMINASIK,Damdochax/Wiminasik,SEL-24-02,Lake Type,Current,Damdochax/ Wiminasik,179,SEL-DU-179,
NORTH COAST,Sockeye,NASS SOCKEYE SALMON,SEL-NC-04,Lake Type,BOWSER,Bowser,SEL-24-01,Lake Type,Current,Bowser,178,SEL-DU-178,
NORTH COAST,Sockeye,SKEENA SOCKEYE SALMON,SEL-NC-02,Lake Type,SUSTUT,Sustut,SEL-22-12,Lake Type,Current,Sustut,177,SEL-DU-177,
NORTH COAST,Sockeye,SKEENA SOCKEYE SALMON,SEL-NC-02,Lake Type,SPAWNING,Spawning,SEL-22-11,Lake Type,Current,Spawning,176,SEL-DU-176,
NORTH COAST,Sockeye,SKEENA SOCKEYE SALMON,SEL-NC-02,Lake Type,SLAMGEESH,Slamgeesh,SEL-22-10,Lake Type,Current,Slamgeesh,175,SEL-DU-175,
NORTH COAST,Sockeye,SKEENA SOCKEYE SALMON,SEL-NC-02,Lake Type,SICINTINE,Sicintine,SEL-22-09,Lake Type,Current,Sicintine,174,SEL-DU-174,
NORTH COAST,Sockeye,SKEENA SOCKEYE SALMON,SEL-NC-02,Lake Type,MOTASE,Motase ,SEL-22-08,Lake Type,Current,Motase,173,SEL-DU-173,
NORTH COAST,Sockeye,SKEENA SOCKEYE SALMON,SEL-NC-02,Lake Type,KLUAYAZ,Kluayaz,SEL-22-07,Lake Type,Current,Kluayaz,172,SEL-DU-172,
NORTH COAST,Sockeye,SKEENA SOCKEYE SALMON,SEL-NC-02,Lake Type,KLUATANTAN,Kluatantan,SEL-22-06,Lake Type,Current,Kluatantan,171,SEL-DU-171,
NORTH COAST,Sockeye,SKEENA SOCKEYE SALMON,SEL-NC-02,Lake Type,JOHANSON,Johanson,SEL-22-05,Lake Type,Current,Johanson,170,SEL-DU-170,
NORTH COAST,Sockeye,SKEENA SOCKEYE SALMON,SEL-NC-02,Lake Type,DAMSHILGWIT,Damshilgwit,SEL-22-04,Lake Type,Current,Damshilgwit,169,SEL-DU-169,
NORTH COAST,Sockeye,SKEENA SOCKEYE SALMON,SEL-NC-02,Lake Type,BEAR,Bear,SEL-22-03,Lake Type,Current,Bear,168,SEL-DU-168,
NORTH COAST,Sockeye,SKEENA SOCKEYE SALMON,SEL-NC-02,Lake Type,AZUKLOTZ,Azuklotz,SEL-22-02,Lake Type,Current,Azuklotz,167,SEL-DU-167,
NORTH COAST,Sockeye,SKEENA SOCKEYE SALMON,SEL-NC-02,Lake Type,ASITIKA,Asitika,SEL-22-01,Lake Type,Current,Asitika,166,SEL-DU-166,
NORTH COAST,Sockeye,SKEENA SOCKEYE SALMON,SEL-NC-02,Lake Type,TAHLO/MORRISON,Tahlo/Morrison,SEL-21-11,Lake Type,Current,Tahlo/ Morrison,164,SEL-DU-164,
NORTH COAST,Sockeye,SKEENA SOCKEYE SALMON,SEL-NC-02,Lake Type,STEPHENS,Stephens,SEL-21-09,Lake Type,Current,Stephens,163,SEL-DU-163,
NORTH COAST,Sockeye,SKEENA SOCKEYE SALMON,SEL-NC-02,Lake Type,MORICE,Morice,SEL-21-07,Lake Type,Current,Morice,162,SEL-DU-162,
NORTH COAST,Sockeye,SKEENA SOCKEYE SALMON,SEL-NC-02,Lake Type,MAXAN,Maxan,SEL-21-06,Lake Type,Current,Maxan,161,SEL-DU-161,
NORTH COAST,Sockeye,SKEENA SOCKEYE SALMON,SEL-NC-02,Lake Type,KITWANCOOL,Kitwancool,SEL-21-05,Lake Type,Current,Kitwancool,160,SEL-DU-160,
NORTH COAST,Sockeye,SKEENA SOCKEYE SALMON,SEL-NC-02,Lake Type,BULKLEY,Bulkley,SEL-21-03,Lake Type,Current,Bulkley,159,SEL-DU-159,
NORTH COAST,Sockeye,SKEENA SOCKEYE SALMON,SEL-NC-02,Lake Type,BABINE,Babine,SEL-21-02,Lake Type,Current,Babine,158,SEL-DU-158,
NORTH COAST,Sockeye,SKEENA SOCKEYE SALMON,SEL-NC-02,Lake Type,ATNA,Atna,SEL-21-01,Lake Type,Current,Atna,157,SEL-DU-157,
NORTH COAST,Sockeye,SKEENA SOCKEYE SALMON,SEL-NC-02,Lake Type,MCDONELL,Mcdonell,SEL-20-08,Lake Type,Current,Mcdonell,156,SEL-DU-156,
NORTH COAST,Sockeye,SKEENA SOCKEYE SALMON,SEL-NC-02,Lake Type,LAKELSE,Lakelse,SEL-20-07,Lake Type,Current,Lakelse,155,SEL-DU-155,
NORTH COAST,Sockeye,SKEENA SOCKEYE SALMON,SEL-NC-02,Lake Type,KITSUMKALUM,Kitsumkalum,SEL-20-06,Lake Type,Current,Kitsumkalum,154,SEL-DU-154,
NORTH COAST,Sockeye,SKEENA SOCKEYE SALMON,SEL-NC-02,Lake Type,JOHNSTON,Johnston,SEL-20-05,Lake Type,Current,Johnston,153,SEL-DU-153,
NORTH COAST,Sockeye,SKEENA SOCKEYE SALMON,SEL-NC-02,Lake Type,ECSTALL/LOWER,Ecstall/Lower,SEL-20-04,Lake Type,Current,Ecstall/Lower,152,SEL-DU-152,
NORTH COAST,Sockeye,SKEENA SOCKEYE SALMON,SEL-NC-02,Lake Type,DENNIS,Dennis,SEL-20-03,Lake Type,Current,Dennis,151,SEL-DU-151,
NORTH COAST,Sockeye,SKEENA SOCKEYE SALMON,SEL-NC-02,Lake Type,ALDRICH,Aldrich,SEL-20-02,Lake Type,Current,Aldrich,150,SEL-DU-150,
NORTH COAST,Sockeye,SKEENA SOCKEYE SALMON,SEL-NC-02,Lake Type,ALASTAIR,Alastair,SEL-20-01,Lake Type,Current,Alastair,149,SEL-DU-149,
NORTH COAST,Sockeye,CENTRAL COAST SOCKEYE SALMON,SEL-NC-03,Lake Type,YEO,Yeo,SEL-19-70,Lake Type,Current,Yeo,148,SEL-DU-148,
NORTH COAST,Sockeye,CENTRAL COAST SOCKEYE SALMON,SEL-NC-03,Lake Type,WALE CREEK,Wale Creek,SEL-19-66,Lake Type,Current,Wale,147,SEL-DU-147,
NORTH COAST,Sockeye,CENTRAL COAST SOCKEYE SALMON,SEL-NC-03,Lake Type,TUNO CREEK WEST,Tuno Creek West,SEL-19-64,Lake Type,Current,Tuno West,146,SEL-DU-146,
NORTH COAST,Sockeye,CENTRAL COAST SOCKEYE SALMON,SEL-NC-03,Lake Type,TSIMTACK/LAKES,Tsimtack/Lakes,SEL-19-62,Lake Type,Current,Tsimtack,145,SEL-DU-145,
NORTH COAST,Sockeye,CENTRAL COAST SOCKEYE SALMON,SEL-NC-03,Lake Type,TANKEEAH RIVER,Tankeeah River,SEL-19-60,Lake Type,Current,Tankeeah,144,SEL-DU-144,
NORTH COAST,Sockeye,CENTRAL COAST SOCKEYE SALMON,SEL-NC-03,Lake Type,TALAMOOSA CREEK,Talamoosa Creek,SEL-19-59,Lake Type,Current,Talamoosa,143,SEL-DU-143,
NORTH COAST,Sockeye,CENTRAL COAST SOCKEYE SALMON,SEL-NC-03,Lake Type,SPENCER CREEK,Spencer Creek,SEL-19-57,Lake Type,Current,Spencer,142,SEL-DU-142,
NORTH COAST,Sockeye,SKEENA SOCKEYE SALMON,SEL-NC-02,Lake Type,SHAWATLAN,Shawatlan,SEL-19-54,Lake Type,Current,Shawatlan,141,SEL-DU-141,
NORTH COAST,Sockeye,CENTRAL COAST SOCKEYE SALMON,SEL-NC-03,Lake Type,SCOULAR/KILPATRICK,Scoular/Kilpatrick,SEL-19-53,Lake Type,Current,Scoular/Kilpatrick,140,SEL-DU-140,
NORTH COAST,Sockeye,CENTRAL COAST SOCKEYE SALMON,SEL-NC-03,Lake Type,SALTER,Salter,SEL-19-52,Lake Type,Current,Salter,139,SEL-DU-139,
NORTH COAST,Sockeye,CENTRAL COAST SOCKEYE SALMON,SEL-NC-03,Lake Type,RYAN CREEK,Ryan Creek,SEL-19-51,Lake Type,Current,Ryan,138,SEL-DU-138,
NORTH COAST,Sockeye,SKEENA SOCKEYE SALMON,SEL-NC-02,Lake Type,PRUDHOMME,Prudhomme,SEL-19-49,Lake Type,Current,Prudhomme,137,SEL-DU-137,
NORTH COAST,Sockeye,CENTRAL COAST SOCKEYE SALMON,SEL-NC-03,Lake Type,POWLES CREEK,Powles Creek,SEL-19-47,Lake Type,Current,Powles,136,SEL-DU-136,
NORTH COAST,Sockeye,CENTRAL COAST SOCKEYE SALMON,SEL-NC-03,Lake Type,PORT JOHN,Port John,SEL-19-46,Lake Type,Current,Port John,135,SEL-DU-135,
NORTH COAST,Sockeye,CENTRAL COAST SOCKEYE SALMON,SEL-NC-03,Lake Type,NAMU,Namu,SEL-19-45,Lake Type,Current,Namu,134,SEL-DU-134,
NORTH COAST,Sockeye,CENTRAL COAST SOCKEYE SALMON,SEL-NC-03,Lake Type,MIKADO,Mikado,SEL-19-43,Lake Type,Current,Mikado,133,SEL-DU-133,
NORTH COAST,Sockeye,CENTRAL COAST SOCKEYE SALMON,SEL-NC-03,Lake Type,MARY COVE CREEK,Mary Cove Creek,SEL-19-40,Lake Type,Current,Mary Cove,132,SEL-DU-132,
NORTH COAST,Sockeye,CENTRAL COAST SOCKEYE SALMON,SEL-NC-03,Lake Type,LIMESTONE CREEK,Limestone Creek,SEL-19-38,Lake Type,Current,Limestone,131,SEL-DU-131,
NORTH COAST,Sockeye,CENTRAL COAST SOCKEYE SALMON,SEL-NC-03,Lake Type,KWAKWA CREEK,Kwakwa Creek,SEL-19-36,Lake Type,Current,Kwakwa,130,SEL-DU-130,
NORTH COAST,Sockeye,CENTRAL COAST SOCKEYE SALMON,SEL-NC-03,Lake Type,KOORYET,Kooryet,SEL-19-34,Lake Type,Current,Kooryet,129,SEL-DU-129,
NORTH COAST,Sockeye,CENTRAL COAST SOCKEYE SALMON,SEL-NC-03,Lake Type,KOEYE,Koeye,SEL-19-33,Lake Type,Current,Koeye,128,SEL-DU-128,
NORTH COAST,Sockeye,CENTRAL COAST SOCKEYE SALMON,SEL-NC-03,Lake Type,KISAMEET,Kisameet,SEL-19-32,Lake Type,Current,Kisameet,127,SEL-DU-127,
NORTH COAST,Sockeye,CENTRAL COAST SOCKEYE SALMON,SEL-NC-03,Lake Type,KILDIDT LAGOON CREEK,Kildidt Lagoon Creek,SEL-19-31,Lake Type,Current,Kildidt Lagoon,126,SEL-DU-126,
NORTH COAST,Sockeye,CENTRAL COAST SOCKEYE SALMON,SEL-NC-03,Lake Type,KENT INLET LAGOON CREEK,Kent Inlet Lagoon Creek,SEL-19-27,Lake Type,Current,Kent Inlet,125,SEL-DU-125,
NORTH COAST,Sockeye,CENTRAL COAST SOCKEYE SALMON,SEL-NC-03,Lake Type,KEECHA,Keecha,SEL-19-26,Lake Type,Current,Keesha,124,SEL-DU-124,
NORTH COAST,Sockeye,CENTRAL COAST SOCKEYE SALMON,SEL-NC-03,Lake Type,KDELMASHAN CREEK,Kdelmashan Creek,SEL-19-25,Lake Type,Current,Kdelmashan,123,SEL-DU-123,
NORTH COAST,Sockeye,CENTRAL COAST SOCKEYE SALMON,SEL-NC-03,Lake Type,HIGGINS LAGOON,Higgins Lagoon,SEL-19-23,Lake Type,Current,Higgins Lagoon,122,SEL-DU-122,
NORTH COAST,Sockeye,CENTRAL COAST SOCKEYE SALMON,SEL-NC-03,Lake Type,FREEDA/BRODIE,Freeda/Brodie,SEL-19-20,Lake Type,Current,Freeda/ Brodie,121,SEL-DU-121,
NORTH COAST,Sockeye,CENTRAL COAST SOCKEYE SALMON,SEL-NC-03,Lake Type,END HILL CREEK,End Hill Creek,SEL-19-18,Lake Type,Current,End Hill,120,SEL-DU-120,
NORTH COAST,Sockeye,CENTRAL COAST SOCKEYE SALMON,SEL-NC-03,Lake Type,ELSIE/HOY,Elsie/Hoy,SEL-19-17,Lake Type,Current,Elsie/Hoy,119,SEL-DU-119,
NORTH COAST,Sockeye,CENTRAL COAST SOCKEYE SALMON,SEL-NC-03,Lake Type,DEVON,Devon,SEL-19-14,Lake Type,Current,Devon,118,SEL-DU-118,
NORTH COAST,Sockeye,CENTRAL COAST SOCKEYE SALMON,SEL-NC-03,Lake Type,CURTIS INLET,Curtis Inlet,SEL-19-11,Lake Type,Current,Curtis,117,SEL-DU-117,
NORTH COAST,Sockeye,CENTRAL COAST SOCKEYE SALMON,SEL-NC-03,Lake Type,FANNIE COVE,Fannie Cove,SEL-19-10,Lake Type,Current,Fannie,116,SEL-DU-116,
NORTH COAST,Sockeye,CENTRAL COAST SOCKEYE SALMON,SEL-NC-03,Lake Type,TUWARTZ,Tuwartz,SEL-19-09,Lake Type,Current,Tuwartz,115,SEL-DU-115,
NORTH COAST,Sockeye,CENTRAL COAST SOCKEYE SALMON,SEL-NC-03,Lake Type,BONILLA,Bonilla,SEL-19-04,Lake Type,Current,Bonilla,114,SEL-DU-114,
NORTH COAST,Sockeye,CENTRAL COAST SOCKEYE SALMON,SEL-NC-03,Lake Type,BOLTON CREEK,Bolton Creek,SEL-19-03,Lake Type,Current,Bolton,113,SEL-DU-113,
NORTH COAST,Sockeye,CENTRAL COAST SOCKEYE SALMON,SEL-NC-03,Lake Type,BLOOMFIELD,Bloomfield,SEL-19-02,Lake Type,Current,Bloomfield,112,SEL-DU-112,
NORTH COAST,Sockeye,CENTRAL COAST SOCKEYE SALMON,SEL-NC-03,Lake Type,BANKS,Banks,SEL-19-01,Lake Type,Current,Banks,111,SEL-DU-111,
NORTH COAST,Sockeye,CENTRAL COAST SOCKEYE SALMON,SEL-NC-03,Lake Type,PINE RIVER,Pine River,SEL-18-09,Lake Type,Current,Pine,110,SEL-DU-110,
NORTH COAST,Sockeye,CENTRAL COAST SOCKEYE SALMON,SEL-NC-03,Lake Type,KITLOPE,Kitlope,SEL-18-08,Lake Type,Current,Kitlope,109,SEL-DU-109,
NORTH COAST,Sockeye,CENTRAL COAST SOCKEYE SALMON,SEL-NC-03,Lake Type,KITKIATA,Kitkiata,SEL-18-07,Lake Type,Current,Kitkatla,108,SEL-DU-108,
NORTH COAST,Sockeye,CENTRAL COAST SOCKEYE SALMON,SEL-NC-03,Lake Type,KIMSQUIT,Kimsquit,SEL-18-06,Lake Type,Current,Kimsquit,107,SEL-DU-107,
NORTH COAST,Sockeye,CENTRAL COAST SOCKEYE SALMON,SEL-NC-03,Lake Type,KAINET CREEK,Kainet Creek,SEL-18-05,Lake Type,Current,Kainet,106,SEL-DU-106,
NORTH COAST,Sockeye,CENTRAL COAST SOCKEYE SALMON,SEL-NC-03,Lake Type,EVELYN,Evelyn,SEL-18-04,Lake Type,Current,Evelyn,105,SEL-DU-105,
NORTH COAST,Sockeye,CENTRAL COAST SOCKEYE SALMON,SEL-NC-03,Lake Type,CANOONA,Canoona,SEL-18-02,Lake Type,Current,Canoona,104,SEL-DU-104,
NORTH COAST,Sockeye,HAIDA GWAII SOCKEYE SALMON,SEL-NC-01,Lake Type,YAKOUN,Yakoun,SEL-17-09,Lake Type,Current,Yakoun,96,SEL-DU-96,
NORTH COAST,Sockeye,HAIDA GWAII SOCKEYE SALMON,SEL-NC-01,Lake Type,SKIDEGATE,Skidegate,SEL-17-08,Lake Type,Current,Skidegate,99,SEL-DU-99,
NORTH COAST,Sockeye,HAIDA GWAII SOCKEYE SALMON,SEL-NC-01,Lake Type,MERCER,Mercer,SEL-17-07,Lake Type,Current,Mercer,91,SEL-DU-91,
NORTH COAST,Sockeye,HAIDA GWAII SOCKEYE SALMON,SEL-NC-01,Lake Type,MATHERS,Mathers,SEL-17-06,Lake Type,Current,Mathers,98,SEL-DU-98,
NORTH COAST,Sockeye,HAIDA GWAII SOCKEYE SALMON,SEL-NC-01,Lake Type,JALUN,Jalun,SEL-17-04,Lake Type,Current,Jalun,95,SEL-DU-95,
NORTH COAST,Sockeye,HAIDA GWAII SOCKEYE SALMON,SEL-NC-01,Lake Type,FAIRFAX,Fairfax,SEL-17-03,Lake Type,Current,Fairfax,92,SEL-DU-92,
NORTH COAST,Sockeye,HAIDA GWAII SOCKEYE SALMON,SEL-NC-01,Lake Type,AWUN,Awun,SEL-17-02,Lake Type,Current,Awun,94,SEL-DU-94,
NORTH COAST,Sockeye,HAIDA GWAII SOCKEYE SALMON,SEL-NC-01,Lake Type,AIN/SKUNDALE/IAN,Ain/Skundale/Ian,SEL-17-01,Lake Type,Current,Ain/Skundale/Ian,93,SEL-DU-93,
NORTH COAST,Sockeye,RIVERS/SMITH SOCKEYE SALMON,SEL-NC-05,Lake Type,SOUTH ATNARKO LAKES,South Atnarko Lakes,SEL-16-01,Lake Type,Current,S Atnarko,103,SEL-DU-103,
NORTH COAST,Sockeye,RIVERS/SMITH SOCKEYE SALMON,SEL-NC-05,Lake Type,WANNOCK[OWIKENO],Wannock[Owikeno],SEL-15-04,Lake Type,Current,Wannock,102,SEL-DU-102,
NORTH COAST,Sockeye,RIVERS/SMITH SOCKEYE SALMON,SEL-NC-05,Lake Type,OWIKENO,Owikeno,SEL-15-02,Lake Type,Current,Owikeno,101,SEL-DU-101,
NORTH COAST,Sockeye,,,,NILKITKWA,,SEL-21-08,Lake Type,Deprecated,,,,
NORTH COAST,Sockeye,SKEENA SOCKEYE SALMON,SEL-NC-02,Lake Type,SWAN,,SEL-21-10,Lake Type,Deprecated,,,,
SOUTH COAST,Chinook,MIDDLE GEORGIA STRAIT CHINOOK SALMON,CK-SC-02,,SOUTHERN MAINLAND-GEORGIA STRAIT_FA_0.x,Southern Mainland-Georgia Strait_FA_0.x,CK-20,,Current,"South Coast - Georgia Strait, Ocean, Fall",18,CK-DU-18,SC+GStr/Ocean/Fall
SOUTH COAST,Chinook,,,,SOUTHERN BC-CROSS-CU SUPPLEMENTATION EXCLUSION,Southern BC-Cross-Cu Supplementation Exclusion,CK-9007,,Bin,,,,
SOUTH COAST,Chinook,,,,SOUTH-MISCELLANEOUS,South-Miscellaneous,CK-9005,,Bin,,,,
SOUTH COAST,Chinook,MIDDLE GEORGIA STRAIT CHINOOK SALMON,CK-SC-02,,EAST VANCOUVER ISLAND-GEORGIA STRAIT_SU_0.3,East Vancouver Island-Georgia Strait_SU_0.3,CK-83,,Current,"East Vancouver Island, Ocean, Summer",20,CK-DU-20,EVI+GStr/Ocean/Summer
SOUTH COAST,Chinook,MAINLAND INLET CHINOOK SALMON,CK-SC-04,,KLINAKLINI_SU_1.3,Klinaklini_SU_1.3,CK-35,,Current,"Southern Mainland, Stream, Summer population",28,CK-DU-28,HK+SFj/Stream/Summer
SOUTH COAST,Chinook,MAINLAND INLET CHINOOK SALMON,CK-SC-04,,HOMATHKO_SU_x.x,Homathko_SU_x.x,CK-34,,Current,"Southern Mainland, Ocean, Summer population",27,CK-DU-27,HK+SFj/Ocean/Summer
SOUTH COAST,Chinook,WCVI CHINOOK SALMON,CK-SC-05,,WEST VANCOUVER ISLAND-NORTH_FA_0.x,West Vancouver Island-North_FA_0.x,CK-33,,Current,"West Vancouver Island-North, Ocean, Fall",26,CK-DU-26,WVI+WHG/Ocean/Fall
SOUTH COAST,Chinook,WCVI CHINOOK SALMON,CK-SC-05,,WEST VANCOUVER ISLAND-NOOTKA AND KYUQUOT_FA_0.x,West Vancouver Island-Nootka and Kyuquot_FA_0.x,CK-32,,Current,"West Vancouver Island-Nootka and Kyuquot, Ocean, Fall",25,CK-DU-25,WVI/Ocean/Fall (Nootka and Kyuquot)
SOUTH COAST,Chinook,WCVI CHINOOK SALMON,CK-SC-05,,WEST VANCOUVER ISLAND-SOUTH_FA_0.x,West Vancouver Island-South_FA_0.x,CK-31,,Current,"West Vancouver Island-South, Ocean, Fall",24,CK-DU-24,WVI/Ocean/Fall (South)
SOUTH COAST,Chinook,UPPER GEORGIA STRAIT CHINOOK SALMON,CK-SC-29,,EAST VANCOUVER ISLAND-NORTH_FA_0.x,East Vancouver Island-North_FA_0.x,CK-29,,Current,"East Vancouver Island-North, Ocean, Fall",23,CK-DU-23,EVI+SFj/Ocean/Fall
SOUTH COAST,Chinook,MAINLAND INLET CHINOOK SALMON,CK-SC-04,,SOUTHERN MAINLAND-SOUTHERN FJORDS_FA_0.x,Southern Mainland-Southern Fjords_FA_0.x,CK-28,,Current,"South Coast - Southern Fjords, Ocean, Fall",22,CK-DU-22,SC+SFj/Ocean/Fall
SOUTH COAST,Chinook,MIDDLE GEORGIA STRAIT CHINOOK SALMON,CK-SC-02,,EAST VANCOUVER ISLAND-QUALICUM AND PUNTLEDGE_FA_0.x,East Vancouver Island-Qualicum and Puntledge_FA_0.x,CK-27,,Current,"East Vancouver Island, Ocean, Fall",21,CK-DU-21,EVI+GStr/Ocean/Fall
SOUTH COAST,Chinook,LOWER GEORGIA STRAIT CHINOOK SALMON,CK-SC-01,,EAST VANCOUVER ISLAND-NANAIMO AND CHEMAINUS_FA_0.x,East Vancouver Island-Nanaimo and Chemainus_FA_0.x,CK-25,,Current,"East Vancouver Island, Ocean, Fall",21,CK-DU-21,EVI+GStr/Ocean/Fall
SOUTH COAST,Chinook,LOWER GEORGIA STRAIT CHINOOK SALMON,CK-SC-01,,EAST VANCOUVER ISLAND-COWICHAN AND KOKSILAH_FA_0.x,East Vancouver Island-Cowichan and Koksilah_FA_0.x,CK-22,,Current,"East Vancouver Island, Ocean, Fall",21,CK-DU-21,EVI+GStr/Ocean/Fall
SOUTH COAST,Chinook,LOWER GEORGIA STRAIT CHINOOK SALMON,CK-SC-01,,EAST VANCOUVER ISLAND-GOLDSTREAM_FA_0.x,East Vancouver Island-Goldstream_FA_0.x,CK-21,,Current,"East Vancouver Island, Ocean, Fall",21,CK-DU-21,EVI+GStr/Ocean/Fall
SOUTH COAST,Chinook,,,,PORT SAN JUAN,,CK-30,,Deprecated,,,,
SOUTH COAST,Chinook,,,,EAST VANCOUVER ISLAND-PUNTLEDGE-SUMMER TIMING,,CK-26,,Deprecated,,,,
SOUTH COAST,Chinook,,,,HATCHERY EXCLUSION-BARKLEY SOUND,,CK-9001,,Deprecated(Bin),,,,
SOUTH COAST,Chinook,,,,EAST VANCOUVER ISLAND-NANAIMO AND CHEMAINUS SUMMER TIMING,,CK-24,,Deprecated,,,,
SOUTH COAST,Chinook,MIDDLE GEORGIA STRAIT CHINOOK SALMON,CK-SC-02,,EAST VANCOUVER ISLAND-NANAIMO_SP_1.x,,CK-23,,Deprecated,"East Vancouver Island, Stream, Spring",19,CK-DU-19,EVI+GStr/Stream/Spring
SOUTH COAST,Chum,WCVI CHUM SALMON,CM-SC-02,,NORTHWEST VANCOUVER ISLAND,Northwest Vancouver Island,CM-11,,Current,,,,
SOUTH COAST,Chum,INNER SOUTH COAST CHUM SALMON,CM-SC-01,,NORTHEAST VANCOUVER ISLAND,Northeast Vancouver Island,CM-05,,Current,,,,
SOUTH COAST,Chum,INNER SOUTH COAST CHUM SALMON,CM-SC-01,,HOWE SOUND-BURRARD INLET,Howe Sound-Burrard Inlet,CM-03,,Current,,,,
SOUTH COAST,Chum,INNER SOUTH COAST CHUM SALMON,CM-SC-01,,SOUTHERN COASTAL STREAMS,Southern Coastal Streams,CM-08,,Current,,,,
SOUTH COAST,Chum,INNER SOUTH COAST CHUM SALMON,CM-SC-01,,UPPER KNIGHT,Upper Knight,CM-09,,Current,,,,
SOUTH COAST,Chum,INNER SOUTH COAST CHUM SALMON,CM-SC-01,,BUTE INLET,Bute Inlet,CM-07,,Current,,,,
SOUTH COAST,Chum,INNER SOUTH COAST CHUM SALMON,CM-SC-01,,GEORGIA STRAIT,Georgia Strait,CM-04,,Current,,,,
SOUTH COAST,Chum,WCVI CHUM SALMON,CM-SC-02,,SOUTHWEST VANCOUVER ISLAND,Southwest Vancouver Island,CM-10,,Current,,,,
SOUTH COAST,Chum,INNER SOUTH COAST CHUM SALMON,CM-SC-01,,LOUGHBOROUGH,Loughborough,CM-06,,Current,,,,
SOUTH COAST,Coho,STRAIT OF GEORGIA COHO SALMON,CO-SC-01,,BOUNDARY BAY,Boundary Bay,CO-01,,VREQ[Current],Boundary Bay,1,CO-DU-01,BB
SOUTH COAST,Coho,JOHNSTONE STRAIT/MAINLAND INLET COHO SALMON,CO-SC-03,,HOMATHKO-KLINAKLINI RIVERS,Homathko-Klinaklini Rivers,CO-19,,Current,Homathko-Klinaklini,13,CO-DU-13,HK+SFj
SOUTH COAST,Coho,WCVI COHO SALMON,CO-SC-02,,CLAYOQUOT,Clayoquot,CO-18,,Current,West Vancouver Island,15,CO-DU-15,WVI
SOUTH COAST,Coho,WCVI COHO SALMON,CO-SC-02,,WEST VANCOUVER ISLAND,West Vancouver Island,CO-17,,Current,West Vancouver Island,15,CO-DU-15,WVI
SOUTH COAST,Coho,WCVI COHO SALMON,CO-SC-02,,JUAN DE FUCA-PACHENA,Juan De Fuca-Pachena,CO-16,,Current,Juan de Fuca - Pachena,16,CO-DU-16,JdF
SOUTH COAST,Coho,JOHNSTONE STRAIT/MAINLAND INLET COHO SALMON,CO-SC-03,,NAHWITTI LOWLAND,Nahwitti Lowland,CO-15,,Current,Northwest Vancouver Island,17,CO-DU-17,NWVI
SOUTH COAST,Coho,JOHNSTONE STRAIT/MAINLAND INLET COHO SALMON,CO-SC-03,,EAST VANCOUVER ISLAND-JOHNSTONE STRAIT-SOUTHERN FJORDS,East Vancouver Island-Johnstone Strait-Southern Fjords,CO-14,,Current,E Vancouver Is - Johnstone Strait-SFjords,14,CO-DU-14,EVI+SFj
SOUTH COAST,Coho,STRAIT OF GEORGIA COHO SALMON,CO-SC-01,,EAST VANCOUVER ISLAND-GEORGIA STRAIT,East Vancouver Island-Georgia Strait,CO-13,,Current,East Vancouver Island- Georgia Strait-,11,CO-DU-11,EVI+GStr
SOUTH COAST,Coho,JOHNSTONE STRAIT/MAINLAND INLET COHO SALMON,CO-SC-03,,SOUTHERN COASTAL STREAMS-QUEEN CHARLOTTE STRAIT-JOHNSTONE STRAIT-SOUTHERN FJORDS,Southern Coastal Streams-Queen Charlotte Strait-Johnstone Strait-Southern Fjords,CO-12,,Current,South Coastal Streams-QCStr-JStr-SFjords,12,CO-DU-12,SC+SFj
SOUTH COAST,Coho,STRAIT OF GEORGIA COHO SALMON,CO-SC-01,,GEORGIA STRAIT MAINLAND,Georgia Strait Mainland,CO-11,,Current,Georgia Strait Mainland,9,CO-DU-09,SC+GStr
SOUTH COAST,Coho,STRAIT OF GEORGIA COHO SALMON,CO-SC-01,,HOWE SOUND-BURRARD INLET,Howe Sound-Burrard Inlet,CO-10,,Current,Howe Sound-Burrard Inlet,10,CO-DU-10,Howe-Burrard
SOUTH COAST,Pink,ECVI/MAINLAND PINK SALMON - ODD,PKO-SC-01,Odd Year,GEORGIA STRAIT,Georgia Strait,PKO-03,Odd Year,Current,,,,
SOUTH COAST,Pink,ECVI/MAINLAND PINK SALMON - EVEN,PKE-SC-01,Even Year,SOUTHERN FJORDS,Southern Fjords,PKE-04,Even Year,Current,,,,
SOUTH COAST,Pink,WCVI PINK SALMON,PK-SC-02,Even Year; Odd Year,WEST VANCOUVER ISLAND,West Vancouver Island,PKO-06,Odd Year,Current,,,,
SOUTH COAST,Pink,ECVI/MAINLAND PINK SALMON - ODD,PKO-SC-01,Odd Year,SOUTHERN FJORDS,Southern Fjords,PKO-07,Odd Year,Current,,,,
SOUTH COAST,Pink,ECVI/MAINLAND PINK SALMON - ODD,PKO-SC-01,Odd Year,EAST VANCOUVER ISLAND-JOHNSTONE STRAIT,East Vancouver Island-Johnstone Strait,PKO-04,Odd Year,Current,,,,
SOUTH COAST,Pink,ECVI/MAINLAND PINK SALMON - ODD,PKO-SC-01,Odd Year,NAHWITTI,Nahwitti,PKO-05,Odd Year,Current,,,,
SOUTH COAST,Pink,ECVI/MAINLAND PINK SALMON - EVEN,PKE-SC-01,Even Year,GEORGIA STRAIT,Georgia Strait,PKE-01,Even Year,Current,,,,
SOUTH COAST,Pink,WCVI PINK SALMON,PK-SC-02,Even Year; Odd Year,WEST VANCOUVER ISLAND,West Vancouver Island,PKE-02,Even Year,Current,,,,
SOUTH COAST,Pink,,,,EAST HOWE SOUND-BURRARD INLET,East Howe Sound-Burrard Inlet,PKO-02,Odd Year,Current,,,,
SOUTH COAST,Pink,WCVI PINK SALMON,PK-SC-02,Even Year; Odd Year,NORTHWEST VANCOUVER ISLAND,Northwest Vancouver Island,PKE-03,Even Year,Current,,,,
SOUTH COAST,Sockeye,ECVI/MAINLAND SOCKEYE SALMON,SEL-SC-02,Lake Type,FULMORE,Fulmore,SEL-11-01,Lake Type,Current,Fulmore,53,SEL-DU-53,
SOUTH COAST,Sockeye,WCVI - OTHER SOCKEYE SALMON,SEL-SC-01,Lake Type,OWOSSITSA,Owossitsa,SEL-13-21,Lake Type,VREQ[Bin],,,,
SOUTH COAST,Sockeye,,,,GREAT CENTRAL/SPROAT,Great Central/Sproat,SEL-13-xx,Lake Type,Bin,,,,
SOUTH COAST,Sockeye,,,,GLENDALE,Glendale,SEL-11-12,Lake Type,VREQ[Bin],,,,
SOUTH COAST,Sockeye,ECVI/MAINLAND SOCKEYE SALMON,SEL-SC-02,Lake Type,PACK,Pack,SEL-11-11,Lake Type,VREQ[Bin],,,,
SOUTH COAST,Sockeye,,,,LOIS,Lois,SEL-11-13,Lake Type,VREQ[Bin],,,,
SOUTH COAST,Sockeye,ECVI/MAINLAND SOCKEYE SALMON,SEL-SC-02,Lake Type,VILLAGE BAY,Village Bay,SEL-11-10,Lake Type,VREQ[Extirpated],,,,
SOUTH COAST,Sockeye,ECVI/MAINLAND SOCKEYE SALMON,SEL-SC-02,Lake Type,VERNON,Vernon,SEL-12-09,Lake Type,Current,Vernon,66,SEL-DU-66,
SOUTH COAST,Sockeye,,,,NW VANCOUVER ISLAND,NW Vancouver Island,SER-11,River Type,Current,Northwest Vancouver Is,31,SER-DU-31,
SOUTH COAST,Sockeye,,,,WEST VANCOUVER ISLAND,West Vancouver Island,SER-10,River Type,Current,West Vancouver Is,30,SER-DU-30,
SOUTH COAST,Sockeye,,,,SOUTHERN FJORDS,Southern Fjords,SER-09,River Type,Current,Homathko-Klinaklini-Southern Fjords; South Coast - Southern Fjords,29; 27,SER-DU-29; SER-DU-27,
SOUTH COAST,Sockeye,,,,EAST VANCOUVER ISLAND AND GEORGIA STRAIT,East Vancouver Island and Georgia Strait,SER-08,River Type,Current,East Vancouver Island-Georgia Strait; East Vancouver Island-Southern Fjords; South Coast - Southern Fjords,26; 28; 27,SER-DU-26; SER-DU-28; SER-DU-27,
SOUTH COAST,Sockeye,ECVI/MAINLAND SOCKEYE SALMON,SEL-SC-02,Lake Type,HEYDON,Heydon,SEL-11-02,Lake Type,Current,Heydon,54,SEL-DU-54,
SOUTH COAST,Sockeye,ECVI/MAINLAND SOCKEYE SALMON,SEL-SC-02,Lake Type,KAKWEIKEN,Kakweiken,SEL-11-03,Lake Type,Current,Kakweiken,55,SEL-DU-55,
SOUTH COAST,Sockeye,ECVI/MAINLAND SOCKEYE SALMON,SEL-SC-02,Lake Type,LOOSE,Loose,SEL-11-04,Lake Type,Current,Loose,56,SEL-DU-56,
SOUTH COAST,Sockeye,ECVI/MAINLAND SOCKEYE SALMON,SEL-SC-02,Lake Type,MACKENZIE,Mackenzie,SEL-11-05,Lake Type,Current,Mackenzie,57,SEL-DU-57,
SOUTH COAST,Sockeye,ECVI/MAINLAND SOCKEYE SALMON,SEL-SC-02,Lake Type,PHILLIPS,Phillips,SEL-11-06,Lake Type,Current,Phillips,58,SEL-DU-58,
SOUTH COAST,Sockeye,ECVI/MAINLAND SOCKEYE SALMON,SEL-SC-02,Lake Type,SAKINAW,Sakinaw,SEL-11-07,Lake Type,Current,Sakinaw,51,SEL-DU-51,
SOUTH COAST,Sockeye,ECVI/MAINLAND SOCKEYE SALMON,SEL-SC-02,Lake Type,TZOONIE,Tzoonie,SEL-11-09,Lake Type,Current,Tzoonie,52,SEL-DU-52,
SOUTH COAST,Sockeye,ECVI/MAINLAND SOCKEYE SALMON,SEL-SC-02,Lake Type,IDA/BONANZA,Ida/Bonanza,SEL-12-01,Lake Type,Current,Ida/Bonanza,59,SEL-DU-59,
SOUTH COAST,Sockeye,ECVI/MAINLAND SOCKEYE SALMON,SEL-SC-02,Lake Type,NAHWITTI,Nahwitti,SEL-12-02,Lake Type,Current,Nahwitti,60,SEL-DU-60,
SOUTH COAST,Sockeye,ECVI/MAINLAND SOCKEYE SALMON,SEL-SC-02,Lake Type,NIMPKISH,Nimpkish,SEL-12-03,Lake Type,Current,Nimpkish,61,SEL-DU-61,
SOUTH COAST,Sockeye,ECVI/MAINLAND SOCKEYE SALMON,SEL-SC-02,Lake Type,QUATSE,Quatse,SEL-12-05,Lake Type,Current,Quatse,62,SEL-DU-62,
SOUTH COAST,Sockeye,ECVI/MAINLAND SOCKEYE SALMON,SEL-SC-02,Lake Type,SCHOEN,Schoen,SEL-12-06,Lake Type,Current,Schoen,63,SEL-DU-63,
SOUTH COAST,Sockeye,ECVI/MAINLAND SOCKEYE SALMON,SEL-SC-02,Lake Type,SHUSHARTIE,Shushartie,SEL-12-07,Lake Type,Current,Shushartie,64,SEL-DU-64,
SOUTH COAST,Sockeye,ECVI/MAINLAND SOCKEYE SALMON,SEL-SC-02,Lake Type,WOSS,Woss,SEL-12-08,Lake Type,Current,Woss,65,SEL-DU-65,
SOUTH COAST,Sockeye,WCVI - OTHER SOCKEYE SALMON,SEL-SC-01,Lake Type,ALICE,Alice,SEL-13-01,Lake Type,Current,Alice,87,SEL-DU-87,
SOUTH COAST,Sockeye,WCVI - OTHER SOCKEYE SALMON,SEL-SC-01,Lake Type,CANOE CREEK,Canoe Creek,SEL-13-02,Lake Type,Current,Canoe Creek,88,SEL-DU-88,
SOUTH COAST,Sockeye,WCVI - OTHER SOCKEYE SALMON,SEL-SC-01,Lake Type,CECILIA,Cecilia,SEL-13-03,Lake Type,Current,Cecilia,67,SEL-DU-67,
SOUTH COAST,Sockeye,WCVI - OTHER SOCKEYE SALMON,SEL-SC-01,Lake Type,CHEEWAT,Cheewat,SEL-13-04,Lake Type,Current,Cheewat,68,SEL-DU-68,
SOUTH COAST,Sockeye,WCVI - OTHER SOCKEYE SALMON,SEL-SC-01,Lake Type,CLAYOQUOT,Clayoquot,SEL-13-05,Lake Type,Current,Clayoquot,69,SEL-DU-69,
SOUTH COAST,Sockeye,WCVI - OTHER SOCKEYE SALMON,SEL-SC-01,Lake Type,DESERTED,Deserted,SEL-13-06,Lake Type,Current,Deserted,70,SEL-DU-70,
SOUTH COAST,Sockeye,WCVI - OTHER SOCKEYE SALMON,SEL-SC-01,Lake Type,FAIRY,Fairy,SEL-13-07,Lake Type,Current,Fairy,71,SEL-DU-71,
SOUTH COAST,Sockeye,WCVI - BARKLEY SOCKEYE SALMON,SEL-SC-03,Lake Type,GREAT CENTRAL,Great Central,SEL-13-08,Lake Type,Current,Great Central,72,SEL-DU-72,
SOUTH COAST,Sockeye,WCVI - BARKLEY SOCKEYE SALMON,SEL-SC-03,Lake Type,HUCUKTLIS,Henderson,SEL-13-09,Lake Type,Current,Henderson,73,SEL-DU-73,
SOUTH COAST,Sockeye,WCVI - OTHER SOCKEYE SALMON,SEL-SC-01,Lake Type,HESQUIAT,Hesquiat,SEL-13-10,Lake Type,Current,Hesquiat,74,SEL-DU-74,
SOUTH COAST,Sockeye,WCVI - OTHER SOCKEYE SALMON,SEL-SC-01,Lake Type,HOBITON,Hobiton,SEL-13-11,Lake Type,Current,Hobiton,75,SEL-DU-75,
SOUTH COAST,Sockeye,WCVI - OTHER SOCKEYE SALMON,SEL-SC-01,Lake Type,JANSEN,Jansen,SEL-13-12,Lake Type,Current,Jansen,76,SEL-DU-76,
SOUTH COAST,Sockeye,WCVI - OTHER SOCKEYE SALMON,SEL-SC-01,Lake Type,KANIM,Kanim,SEL-13-13,Lake Type,Current,Kanim,77,SEL-DU-77,
SOUTH COAST,Sockeye,WCVI - OTHER SOCKEYE SALMON,SEL-SC-01,Lake Type,KENNEDY,Kennedy,SEL-13-14,Lake Type,Current,Kennedy,78,SEL-DU-78,
SOUTH COAST,Sockeye,WCVI - OTHER SOCKEYE SALMON,SEL-SC-01,Lake Type,MAGGIE,Maggie,SEL-13-15,Lake Type,Current,Maggie,79,SEL-DU-79,
SOUTH COAST,Sockeye,WCVI - OTHER SOCKEYE SALMON,SEL-SC-01,Lake Type,MEGIN,Megin,SEL-13-16,Lake Type,Current,Megin,80,SEL-DU-80,
SOUTH COAST,Sockeye,WCVI - OTHER SOCKEYE SALMON,SEL-SC-01,Lake Type,MUCHALAT,Muchalat,SEL-13-17,Lake Type,Current,Muchalat,81,SEL-DU-81,
SOUTH COAST,Sockeye,WCVI - OTHER SOCKEYE SALMON,SEL-SC-01,Lake Type,MURIEL,Muriel,SEL-13-18,Lake Type,Current,Muriel,82,SEL-DU-82,
SOUTH COAST,Sockeye,WCVI - OTHER SOCKEYE SALMON,SEL-SC-01,Lake Type,NITINAT,Nitinat,SEL-13-19,Lake Type,Current,Nitinat,83,SEL-DU-83,
SOUTH COAST,Sockeye,WCVI - OTHER SOCKEYE SALMON,SEL-SC-01,Lake Type,O'CONNELL,O'connell,SEL-13-20,Lake Type,Current,O'Connell,89,SEL-DU-89,
SOUTH COAST,Sockeye,WCVI - OTHER SOCKEYE SALMON,SEL-SC-01,Lake Type,PARK RIVER,Park River,SEL-13-22,Lake Type,Current,Park River,84,SEL-DU-84,
SOUTH COAST,Sockeye,WCVI - OTHER SOCKEYE SALMON,SEL-SC-01,Lake Type,POWER,Power,SEL-13-23,Lake Type,Current,Power,85,SEL-DU-85,
SOUTH COAST,Sockeye,WCVI - BARKLEY SOCKEYE SALMON,SEL-SC-03,Lake Type,SPROAT,Sproat,SEL-13-25,Lake Type,Current,Sproat,86,SEL-DU-86,
SOUTH COAST,Sockeye,WCVI - OTHER SOCKEYE SALMON,SEL-SC-01,Lake Type,WILLIAM/BRINK,William/Brink,SEL-13-26,Lake Type,Current,William/Brink,90,SEL-DU-90,
YUKON TRANSBOUNDARY,Chinook,STIKINE CHINOOK SALMON,CK-YTRA-04,,STIKINE-EARLY TIMING,Stikine-Early Timing,CK-60,,Current,"Stikine - early timing, Stream, Spring",52,CK-DU-52,LSTK-E
YUKON TRANSBOUNDARY,Chinook,,,,LYNN CANAL,Lynn Canal,CK-66,,Current,,,,
YUKON TRANSBOUNDARY,Chinook,PORCUPINE CHINOOK SALMON,CK-YTRA-03,,SALMON FORK,Salmon Fork,CK-77,,Current,,,,
YUKON TRANSBOUNDARY,Chinook,,,,UNUK,Unuk,CK-59,,Current,,,,
YUKON TRANSBOUNDARY,Chinook,,,,WHITING,Whiting,CK-62,,Current,,,,
YUKON TRANSBOUNDARY,Chinook,YUKON CHINOOK SALMON,CK-YTRA-02,,YUKON RIVER-TESLIN HEADWATERS,Yukon River-Teslin Headwaters,CK-68,,Current,"Yukon - Teslin Headwaters, Stream, Summer",60,CK-DU-60,YK-TESLIN
YUKON TRANSBOUNDARY,Chinook,PORCUPINE CHINOOK SALMON,CK-YTRA-03,,OLD CROW,Old Crow,CK-79,,Current,"Old Crow River, Stream, Summer",68,CK-DU-68,OCROW
YUKON TRANSBOUNDARY,Chinook,PORCUPINE CHINOOK SALMON,CK-YTRA-03,,PORCUPINE,Porcupine,CK-78,,Current,"Porcupine River, Stream, Summer",67,CK-DU-67,PORCR
YUKON TRANSBOUNDARY,Chinook,YUKON CHINOOK SALMON,CK-YTRA-02,,NORTHERN YUKON RIVER AND TRIBUTARIES,Northern Yukon River and Tributaries,CK-76,,Current,"N Yukon River and Trib, Stream, Summer",66,CK-DU-66,NYR
YUKON TRANSBOUNDARY,Chinook,YUKON CHINOOK SALMON,CK-YTRA-02,,WHITE AND TRIBUTARIES,White and Tributaries,CK-75,,Current,"White River and Trib, Stream, Summer",65,CK-DU-65,WHITE
YUKON TRANSBOUNDARY,Chinook,YUKON CHINOOK SALMON,CK-YTRA-02,,STEWART,Stewart,CK-74,,Current,"Pelly-Stewart, Stream, Summer",64,CK-DU-64,PELLY
YUKON TRANSBOUNDARY,Chinook,YUKON CHINOOK SALMON,CK-YTRA-02,,MIDDLE YUKON RIVER AND TRIBUTARIES,Middle Yukon River and Tributaries,CK-73,,Current,"Mid-Yukon River and Trib, Stream, Summer",63,CK-DU-63,MidYR
YUKON TRANSBOUNDARY,Chinook,YUKON CHINOOK SALMON,CK-YTRA-02,,PELLY,Pelly,CK-72,,Current,"Pelly-Stewart, Stream, Summer",64,CK-DU-64,PELLY
YUKON TRANSBOUNDARY,Chinook,YUKON CHINOOK SALMON,CK-YTRA-02,,NORDENSKIOLD,Nordenskiold,CK-71,,Current,"Nordenskiold, Stream, Summer",62,CK-DU-62,NORDEN
YUKON TRANSBOUNDARY,Chinook,YUKON CHINOOK SALMON,CK-YTRA-02,,BIG SALMON,Big Salmon,CK-70,,Current,"Big Salmon River, Stream, Summer",61,CK-DU-61,BSAL
YUKON TRANSBOUNDARY,Chinook,YUKON CHINOOK SALMON,CK-YTRA-02,,UPPER YUKON RIVER,Upper Yukon River,CK-69,,Current,"Yukon - Teslin Headwaters, Stream, Summer",60,CK-DU-60,YK-TESLIN
YUKON TRANSBOUNDARY,Chinook,ALSEK CHINOOK SALMON,CK-YTRA-67,,ALSEK,Alsek,CK-67,,Current,"Alsek, Stream, Summer",59,CK-DU-59,ALSEK
YUKON TRANSBOUNDARY,Chinook,TAKU CHINOOK SALMON,CK-YTRA-05,,TAKU-LATE TIMING,Taku-Late Timing,CK-65,,Current,"Taku - late, Stream, Summer",57,CK-DU-57,TAKU-L
YUKON TRANSBOUNDARY,Chinook,TAKU CHINOOK SALMON,CK-YTRA-05,,TAKU-MID TIMING,Taku-Mid Timing,CK-64,,Current,"Taku - mid, Stream, Summer",56,CK-DU-56,TAKU-M
YUKON TRANSBOUNDARY,Chinook,TAKU CHINOOK SALMON,CK-YTRA-05,,TAKU-EARLY TIMING,Taku-Early Timing,CK-63,,Current,"Taku - early, Stream, Spring",55,CK-DU-55,TAKU-E
YUKON TRANSBOUNDARY,Chinook,STIKINE CHINOOK SALMON,CK-YTRA-04,,STIKINE-LATE TIMING,Stikine-Late Timing,CK-61,,Current,"Stikine - late timing, Stream, Summer",53,CK-DU-53,LSTK-L
YUKON TRANSBOUNDARY,Chum,,,,PEEL RIVER,Peel River,CM-40,,Current,,,,
YUKON TRANSBOUNDARY,Chum,YUKON CHUM SALMON,CM-YTRA-01,,TESLIN,Teslin,CM-38,,Current,,,,
YUKON TRANSBOUNDARY,Chum,TRANSBOUNDARY CHUM SALMON,CM-YTRA-36,,TAKU,Taku,CM-36,,Current,,,,
YUKON TRANSBOUNDARY,Chum,PORCUPINE CHUM SALMON,CM-YTRA-02,,PORCUPINE RIVER,Porcupine River,CM-46,,Current,,,,
YUKON TRANSBOUNDARY,Chum,,,,WHITING,Whiting,CM-35,,Current,,,,
YUKON TRANSBOUNDARY,Chum,,,,LYNN CANAL,Lynn Canal,CM-37,,Current,,,,
YUKON TRANSBOUNDARY,Chum,YUKON CHUM SALMON,CM-YTRA-01,,NORTH YUKON RIVER,North Yukon River,CM-43,,Current,,,,
YUKON TRANSBOUNDARY,Chum,,,,UNUK,Unuk,CM-33,,Current,,,,
YUKON TRANSBOUNDARY,Chum,YUKON CHUM SALMON,CM-YTRA-01,,STEWART,Stewart,CM-48,,VREQ[Current],,,,
YUKON TRANSBOUNDARY,Chum,YUKON CHUM SALMON,CM-YTRA-01,,MIDDLE YUKON RIVER,Middle Yukon River,CM-42,,Current,,,,
YUKON TRANSBOUNDARY,Chum,,,,LOWER LIARD,Lower Liard,CM-39,,VREQ[Current],,,,
YUKON TRANSBOUNDARY,Chum,YUKON CHUM SALMON,CM-YTRA-01,,WHITE RIVER,White River,CM-44,,Current,,,,
YUKON TRANSBOUNDARY,Chum,YUKON CHUM SALMON,CM-YTRA-01,,DONJEK-KLUANE,Donjek-Kluane,CM-45,,Current,,,,
YUKON TRANSBOUNDARY,Coho,STIKINE COHO SALMON,CO-YTRA-39,,LOWER STIKINE,Lower Stikine,CO-39,,Current,Lower Stikine,32,CO-DU-32,LStk
YUKON TRANSBOUNDARY,Coho,,,,LYNN CANAL,Lynn Canal,CO-44,,Current,,,,
YUKON TRANSBOUNDARY,Coho,,,,UNUK RIVER,Unuk River,CO-38,,Current,,,,
YUKON TRANSBOUNDARY,Coho,,,,WHITING RIVER,Whiting River,CO-40,,Current,,,,
YUKON TRANSBOUNDARY,Coho,PORCUPINE COHO SALMON,CO-YTRA-46,,PORCUPINE,Porcupine,CO-46,,Current,Porcupine,37,CO-DU-37,Yukon
YUKON TRANSBOUNDARY,Coho,TAKU COHO SALMON,CO-YTRA-04,,TAKU-EARLY TIMING,Taku-Early Timing,CO-43,,Current,Taku,34,CO-DU-34,Taku
YUKON TRANSBOUNDARY,Coho,TAKU COHO SALMON,CO-YTRA-04,,TAKU-MID TIMING,Taku-Mid Timing,CO-42,,Current,Taku,34,CO-DU-34,Taku
YUKON TRANSBOUNDARY,Coho,TAKU COHO SALMON,CO-YTRA-04,,TAKU-LATE TIMING,Taku-Late Timing,CO-41,,Current,Taku,34,CO-DU-34,Taku
YUKON TRANSBOUNDARY,Coho,ALSEK COHO SALMON,CO-YTRA-45,,ALSEK RIVER,Alsek River,CO-45,,Current,Alsek,36,CO-DU-36,Alsek
YUKON TRANSBOUNDARY,Pink,TRANSBOUNDARY PINK SALMON,PK-YTRA-01,Even Year; Odd Year,TRANSBOUNDARY FJORDS,Transboundary Fjords,PKE-13,Even Year,Current,,,,
YUKON TRANSBOUNDARY,Pink,TRANSBOUNDARY PINK SALMON,PK-YTRA-01,Even Year; Odd Year,TRANSBOUNDARY FJORDS,Transboundary Fjords,PKO-19,Odd Year,Current,,,,
YUKON TRANSBOUNDARY,Sockeye,STIKINE SOCKEYE SALMON,SEL-YTRA-02,Lake Type,CHRISTINA,Christina,SEL-26-01,Lake Type,Current,Christina,185,SEL-DU-185,
YUKON TRANSBOUNDARY,Sockeye,STIKINE SOCKEYE SALMON,SEL-YTRA-02,Lake Type,TAHLTAN,Tahltan,SEL-26-02,Lake Type,Current,Tahltan,186,SEL-DU-186,
YUKON TRANSBOUNDARY,Sockeye,TAKU SOCKEYE SALMON,SEL-YTRA-03,Lake Type,KUTHAI,Kuthai,SEL-28-01,Lake Type,Current,Kuthai,189,SEL-DU-189,
YUKON TRANSBOUNDARY,Sockeye,TAKU SOCKEYE SALMON,SEL-YTRA-03,Lake Type,LITTLE TRAPPER,Little Trapper,SEL-28-02,Lake Type,Current,Little Trapper,190,SEL-DU-190,
YUKON TRANSBOUNDARY,Sockeye,TAKU SOCKEYE SALMON,SEL-YTRA-03,Lake Type,TATSAMENIE,Tatsamenie,SEL-28-03,Lake Type,Current,Tatsamenie,191,SEL-DU-191,
YUKON TRANSBOUNDARY,Sockeye,ALSEK SOCKEYE SALMON,SEL-YTRA-01,Lake Type,BLANCHARD,Blanchard,SEL-30-01,Lake Type,Current,Blanchard -BC,193,SEL-DU-193,
YUKON TRANSBOUNDARY,Sockeye,ALSEK SOCKEYE SALMON,SEL-YTRA-01,Lake Type,KLUKSHU,Klukshu,SEL-30-02,Lake Type,Current,Klukshu-Yukon,194,SEL-DU-194,
YUKON TRANSBOUNDARY,Sockeye,ALSEK SOCKEYE SALMON,SEL-YTRA-01,Lake Type,NESKETAHIN,Nesketahin,SEL-30-03,Lake Type,Current,Neskatahin -Yukon,195,SEL-DU-195,
YUKON TRANSBOUNDARY,Sockeye,,,,ALSEK RIVER,Alsek River,SER-24,River Type,Current,Alsek River,49,SER-DU-49,
YUKON TRANSBOUNDARY,Sockeye,STIKINE SOCKEYE SALMON,SEL-YTRA-02,Lake Type,CHUTINE,Chutine,SEL-26-03,Lake Type,Current,Chutine,187,SEL-DU-187,
YUKON TRANSBOUNDARY,Sockeye,TAKU SOCKEYE SALMON,SEL-YTRA-03,Lake Type,KING SALMON,King Salmon,SEL-28-05,Lake Type,Current,King Salmon,192,SEL-DU-192,
YUKON TRANSBOUNDARY,Sockeye,,,,BORDER,Border,SEL-25-01,Lake Type,Current,,,,
YUKON TRANSBOUNDARY,Sockeye,,,,CHILKAT RIVER,Chilkat River,SER-23,River Type,Current,,,,
YUKON TRANSBOUNDARY,Sockeye,,,,WHITING,Whiting,SEL-27-01,Lake Type,Current,,,,
